name,phone,role,location,salary,manager_id
Eric James,332-904-5281,Film/video editor,Danielport,80929,85
Jeff Taylor,321.649.8027x62693,Naval architect,New Lauriechester,68187,99
Tonya Beard,+1-315-530-7333,Statistician,Oconnorport,41477,45
Jill James,267-224-2037x94280,Records manager,South Joseph,53168,62
Jeffrey Snow,+1-262-775-5273x4495,Biomedical scientist,East Ryan,32256,77
Tracey Price,244-413-4815,Manufacturing engineer,Adkinsfurt,74516,51
Ms. Heather David,+1-507-898-1590x35989,Fisheries officer,West Stephaniestad,80676,74
John Harper,+1-210-903-0710x346,Corporate investment banker,West Jasonberg,26658,5
James Roman,+1-741-279-7195x967,"Engineer, automotive",Port Megan,91931,71
Shelby Russell,(502)889-5476x1094,"Therapist, sports",Devintown,51693,78
Patrick Rogers,001-747-887-6610x3248,Ophthalmologist,New Brian,61985,77
Thomas Davis,806.953.6226,Applications developer,Barberview,13361,68
Richard White,001-666-896-3574x6482,Oncologist,Brownville,44324,35
Elizabeth Olson,(204)737-4305,Actuary,Smithstad,63782,12
Kevin Lewis,(443)550-3288x4872,"Programme researcher, broadcasting/film/video",Lake Brittanychester,22883,14
Jennifer Kelly,(305)599-4668,IT sales professional,Petersfurt,26162,22
Larry Jackson,001-386-232-8867x86913,"Administrator, local government",West Donald,86374,63
Elizabeth Peters,(515)397-5973,Best boy,Garrettport,69408,38
Olivia Hudson,001-294-470-1195x36232,Leisure centre manager,Thomasstad,67399,62
James Stephenson,(575)604-1399x4646,Health and safety inspector,Paceport,89821,41
Jackson Jefferson,583-866-1394,Historic buildings inspector/conservation officer,Pachecohaven,14344,6
Adam Leach,001-210-973-8697x8934,Adult nurse,Port Tylermouth,74000,40
Jacob Mendoza,895-201-9456,Aid worker,New James,41774,15
Shannon Martinez,+1-901-777-5465,"Production designer, theatre/television/film",Ibarraville,32305,85
Russell Anderson,(689)343-2480x0348,Higher education careers adviser,Lake Nancyhaven,33222,6
Joel Moore,485.778.8223x3134,Recycling officer,Donnaside,54214,42
Kimberly Boyer,697-859-5233x2317,Pension scheme manager,Michaelside,34470,8
Mrs. Mary Colon,835-257-6172x4876,"Administrator, arts",Richstad,58756,50
Emily Berger,001-692-769-7469x255,Travel agency manager,Ericport,62500,1
Linda Smith,(792)496-8603,Biomedical scientist,Benjaminborough,83975,14
Patricia Turner,463-813-3043,"Engineer, manufacturing",Robertamouth,44050,22
Raven Salinas,(789)224-3261x472,Applications developer,South Nathanshire,39905,5
Noah Williams,7775736171,Amenity horticulturist,Briggschester,42853,37
Mackenzie Williams,266.359.5000,Quantity surveyor,Jameshaven,15274,100
Amy Cunningham,301-774-6893x95656,"Administrator, sports",South Sandra,43609,76
Sharon Marsh,720-557-1453x70457,English as a second language teacher,South Christopher,26756,52
Christopher Jackson,001-616-842-2984,Financial manager,Lake Justin,34963,49
Michelle Johnson,2386465173,Location manager,North Crystalborough,57688,46
Brandon Salazar,+1-978-379-8590x81458,Pensions consultant,North Jason,66422,14
Adam Evans,440.589.2564,Multimedia programmer,Mitchellbury,49338,46
Leslie Gutierrez,632.725.6475,"Clinical scientist, histocompatibility and immunogenetics",Mitchellstad,61517,21
Willie Roach,513-298-0873,"Geneticist, molecular",Branditown,57327,49
Tanya Garza,310-965-3865,Event organiser,North Dorothyville,45718,86
Joshua Macias,+1-518-828-6008x632,Minerals surveyor,West Kendra,42175,83
Kenneth Ali,+1-538-416-6481x22184,Associate Professor,Riosborough,34872,92
Nicholas Sanders,+1-315-501-1913x4740,Air broker,East Kristafort,48236,53
Carol Sullivan,312.859.1092x07192,Learning disability nurse,East Tylerview,24884,8
Michelle Woods,(375)996-4478x60088,Haematologist,Kellyport,67586,13
Kevin Davidson,001-444-427-6612x93021,Public affairs consultant,East Craig,26615,17
Robert Jimenez,218-927-2668x9177,"Lighting technician, broadcasting/film/video",West Roberto,47139,8
Jared Johnson,+1-788-648-8149x0722,Occupational hygienist,South Annette,17919,17
Deanna Davis,297-665-9695,Production manager,East Scott,29664,39
Jason Diaz,7417350633,Art gallery manager,East Kimberly,69748,94
Dr. Janet Allen MD,(612)364-3409x675,"Teacher, music",Lindsaymouth,95835,22
Jason Anderson,001-349-753-8287,Arts development officer,North Katherine,13326,61
Juan Williams,+1-955-390-9126x855,"Surveyor, rural practice",East Scottmouth,30628,40
Vernon Simmons,+1-814-704-1835,Legal executive,Port Anthonybury,97317,54
Patricia Osborne,484-950-2080,"Scientist, forensic",New Michaelborough,12329,95
Ronald Mills,+1-684-351-2714x10996,Firefighter,Sherriview,55451,87
Christina Mckay,+1-564-526-9961x96364,Horticultural therapist,New Amanda,66039,35
Tony Atkinson,361-384-3976,Civil Service administrator,Coletown,69957,40
John Thompson,325-998-5968x0768,Medical secretary,South Wayneview,33564,12
Michael Schneider,337.324.5773,Art gallery manager,Hernandezbury,74011,39
Diane Farrell,001-754-220-6811x007,Commercial horticulturist,Jamieville,85667,32
Alexandra Hobbs,001-816-231-5176x43541,Physiotherapist,Lake Rachaelborough,15888,98
Crystal Cox,(554)308-1814x4028,Magazine journalist,North Lindaville,18115,52
Veronica Campbell,001-568-814-3295x886,Print production planner,Myershaven,72199,99
Mitchell Mitchell DDS,(669)239-1834x4059,Furniture designer,New Alexanderfort,19745,69
Cassandra Green,001-321-652-9206x013,Medical sales representative,South Brittanyside,55244,77
Patricia Brown,754-599-3765,Hospital pharmacist,Townsendchester,82767,31
Rickey Freeman,445.781.9051,Product manager,Port Russellfort,99115,26
Jennifer Hernandez,(997)580-0357x483,Medical laboratory scientific officer,East Kellyberg,64651,9
Nancy Chapman,001-311-636-4561,Charity fundraiser,South Susanside,44526,61
Michelle Velazquez,387.912.9538,"Geneticist, molecular",Lake Joannaborough,97731,18
Colton Kelly,829-660-0121x707,Travel agency manager,Lake Heather,52943,32
Bradley Kelly,872.422.8797,Field seismologist,Michaelburgh,68472,79
Candace Bolton,758-985-0155x45248,"Lighting technician, broadcasting/film/video",West Samanthaburgh,90354,50
John Jones,+1-962-877-4367x62666,"Psychologist, counselling",Lake Kevin,33894,28
Dr. Jeffrey Perkins MD,411-586-7847,Biomedical engineer,Port Andreatown,98354,52
Amber Russo,486-555-1099x9231,Museum/gallery curator,New Martinstad,26023,60
Megan Munoz,468-758-3974x5058,Building services engineer,South Lindsayfort,26177,54
Robert Young,+1-721-839-0023x6390,"Therapist, nutritional",Glenfort,37279,34
Kenneth Cruz,(999)845-4758x48633,Control and instrumentation engineer,North Jaredville,69685,1
Carolyn Taylor,001-968-498-8506x47096,Intelligence analyst,East Erin,12611,4
Jeremy Roberts,(833)264-3366x298,Media planner,Davidsonhaven,91834,90
Matthew Neal,(242)855-6341,Mechanical engineer,North Reneeport,86205,92
Laura Wilson,4615976146,Health visitor,South Tiffany,74276,25
Kelly Roach,+1-515-389-5761x283,"Research officer, government",New Larry,88102,68
Kathryn Washington,001-394-547-6726x52568,Private music teacher,North Philipview,58847,52
Jamie Hurst,+1-362-997-2265x934,Politician's assistant,West Robert,33324,21
Joseph Morris IV,(871)967-5441x259,"Accountant, chartered",Ballardside,64783,67
Frank Hodges,413-567-3643x014,Fisheries officer,West Johnbury,56773,76
Katherine Crane,(693)319-7489x589,Ship broker,Lynnbury,23496,87
Felicia Lopez,8023052512,Therapeutic radiographer,Melissaberg,23082,51
Gail Chase,(340)864-7085,Youth worker,Andersonton,18492,27
Richard Hester,(725)244-9968,Community development worker,West Catherinehaven,57124,9
Kelsey Morrison,7163763483,"Development worker, international aid",West Natashaborough,16453,23
Ronnie Hudson,+1-744-413-2317x74052,Sports therapist,Wilsonstad,85966,27
Kimberly Ford,001-262-267-2247,"Designer, fashion/clothing",Meganville,26318,31
Thomas Romero,987-852-8699,Medical technical officer,Lake Mary,90796,12
Ellen Brock,(967)909-1729x10181,Management consultant,Robertfurt,20624,95
Kimberly Myers,963-904-8472x4453,Merchant navy officer,East Sharonchester,94278,99
Patricia Jones,759-922-7275x1119,Publishing rights manager,Shieldshaven,33470,43
Heather Williams,384.209.6500x106,Medical sales representative,Adamchester,47749,65
Kyle Rodriguez,001-761-564-3421x17597,Rural practice surveyor,North Beth,23426,39
Angela Brown,759-451-7539x514,"Restaurant manager, fast food",East Ariana,82192,47
Brenda Walton,701-849-6887x990,Risk manager,Griffinmouth,10328,41
Melinda Larson,549-443-2954x1370,Architect,Blackview,90286,27
Ronald Vincent,001-322-508-2953x5133,Financial risk analyst,West Patricktown,31174,69
Douglas Ramirez,324-883-9817,Economist,North Holly,76286,68
William Morris,(213)944-2924x10252,Customer service manager,New Thomas,12607,60
Colton Smith,(438)471-1324x08492,Event organiser,Kurtchester,54810,2
Derrick Hernandez,920.572.3018,"Production designer, theatre/television/film",New Jason,13217,41
Craig Sweeney,001-558-502-4477x2179,Hydrogeologist,Alexmouth,77441,14
Scott Silva,290-680-3131,Chemical engineer,Youngtown,22568,26
Jonathon Gray,001-578-618-3934x349,Hydrogeologist,Johnsonchester,39869,10
Cindy Howe,963-792-8830x62812,"Scientist, forensic",New Julie,47044,75
Amanda Lewis,+1-828-617-3745,Secretary/administrator,North David,77970,85
Ashley Palmer,001-555-956-9491x998,"Civil engineer, contracting",East Daniellemouth,65048,77
Mrs. Sandra Velez DDS,(894)961-1389x70527,"Geologist, wellsite",Lake Tammyburgh,78535,2
Jessica Jones,269.827.8513x886,Chief Marketing Officer,East Amychester,44011,74
Isaac Craig,+1-299-733-2761,Quarry manager,New Oscar,10222,42
Michele Wright,485-989-3292x6024,Outdoor activities/education manager,Jeanhaven,44162,13
Melissa Kramer,560.480.6790x980,Museum/gallery conservator,North Alejandro,87321,55
Michael Garcia,001-726-526-6907x04233,Dance movement psychotherapist,Alyssaside,87073,66
Kristina Burton,847-798-9377,Fast food restaurant manager,Sanchezmouth,63757,34
Joseph Mercado DDS,303-390-7431,TEFL teacher,New Keithburgh,49253,48
Scott Burton,(725)306-8351,Sub,South Zacharyside,15732,47
Priscilla Obrien,(780)462-3581x317,Immigration officer,North Martinside,67152,38
Christine Ware,5378041887,Medical sales representative,Danielleborough,45152,97
Erika Greene,001-953-779-7912x9469,Farm manager,Ashleybury,10288,5
Anthony Stanley,903-929-4955,Personnel officer,Petersland,91065,47
Chelsea Reyes,+1-653-778-3204x9641,"Restaurant manager, fast food",Port William,64329,14
Jacob Ramirez II,692-590-9062,"Editor, magazine features",South Kimberly,97303,41
Jacqueline Hayden,9957900173,"Therapist, horticultural",East Kristinahaven,24836,71
Kelly Brown,6224313621,"Accountant, chartered",New Roy,64975,8
Sharon Orozco,385-471-2696,"Pilot, airline",Kathleenview,38841,72
Mary Swanson,(425)342-1750x201,Firefighter,North Christineton,50787,67
Kaitlyn Williams,395-845-1770x39079,Agricultural engineer,East Matthewfort,89456,10
Megan White,(836)643-5230,Industrial/product designer,Mcdowellmouth,20391,72
Crystal Ewing MD,+1-324-701-0718x16724,Claims inspector/assessor,West Markfurt,24511,35
Marisa Hensley,001-945-377-8944x4507,Health and safety inspector,Jordanburgh,42554,54
Diana Hunt,5434371104,Volunteer coordinator,Donnaside,26289,64
James Martin,732.623.5521x446,Quarry manager,New Ericborough,79762,32
Mike Collins,686.767.0224x767,Television production assistant,Gomezberg,83148,54
Candice Baker,458-291-5996,Microbiologist,Andersontown,23100,24
Steven Vargas,+1-848-873-1081x133,Immunologist,Port Joshualand,36766,59
Vincent Jacobs,001-791-871-2198x522,Adult nurse,Port Shannonshire,97527,98
Joseph Leblanc,001-538-689-9418x3491,Futures trader,West Michael,72810,27
Timothy Moore,758.677.6895,Secondary school teacher,South Barry,24144,75
Tonya Tyler,001-283-543-2094x52869,Professor Emeritus,North Toddshire,84265,48
Jessica Estrada,+1-497-670-7580x89614,"Production designer, theatre/television/film",West Richard,85591,80
Jeffrey Anderson,420.388.6622x9089,Commercial art gallery manager,Lake William,12660,53
Nancy Holloway,508.802.3899,"Biochemist, clinical",North Nathan,98506,71
Valerie Mcdonald,675.908.6810,Medical laboratory scientific officer,East Natashaview,14474,3
David Davis,001-465-504-4667x719,Database administrator,Changmouth,31594,60
Sandra Esparza,504.613.7246x250,Industrial/product designer,Ericchester,22633,89
Mr. Matthew Snyder Jr.,+1-886-248-9133,"Psychologist, counselling",Lake Sean,74517,2
William Thompson,(404)917-1383x825,Structural engineer,Paulview,65260,56
Christian Miller,(606)949-2970x979,Financial controller,New Lancetown,38399,94
Christopher Lewis,001-807-777-3240,Psychiatrist,South Timothy,58484,77
Angela Hutchinson,(728)425-6699x0272,Arboriculturist,West Michellefort,46448,35
Connor Jones,(998)850-0722,Interpreter,Curtisberg,64664,3
Susan Carter,738.446.7903x44809,Water engineer,Barbarafurt,66788,11
Christina Barnes,9493844212,Recycling officer,South Mark,10785,80
Jordan Patrick,(438)539-9621,English as a second language teacher,Benjaminborough,26186,78
Jacob Robinson,206-812-4517x23596,Air traffic controller,Savannahside,43065,93
Jamie Cox,+1-902-784-6325x007,"Geneticist, molecular",Karenton,76860,25
Alexandria Sloan,+1-533-319-7203x46380,Science writer,Harperland,56392,4
Erin Gordon,(373)273-6155x706,Futures trader,Stephaniemouth,60192,38
Stephanie Clark,+1-391-677-4940x681,Economist,Carrmouth,92763,73
Lisa Gilmore,292.638.4234x52850,Legal secretary,Perezbury,83851,61
Mike Sanchez,619.769.0686,Lexicographer,Tylerbury,78283,18
Yvonne Marshall,6169435094,Exhibition designer,Fisherfort,53574,23
Daniel Hamilton,001-636-679-4034x471,Veterinary surgeon,Granthaven,19454,61
Gregory Ramos,8002094039,Sales promotion account executive,West Valerieberg,83891,11
Steve Holloway,(400)657-9243,"Surveyor, planning and development",Port Anne,74733,100
Robert Anderson,+1-398-926-8490x440,Forensic psychologist,North Carlos,32397,89
Darren Riley,902.517.2861x93177,Product/process development scientist,Danielsland,90532,12
Casey Duffy,9998779815,"Civil engineer, consulting",Christopherchester,66454,7
Alexandra Anderson,629-666-9251,Graphic designer,Lake Edward,77221,29
Jonathan Bates,001-643-250-3573x7520,"Therapist, nutritional",Meyerstad,77624,28
David Dennis,001-627-986-3009,Press sub,Williambury,62566,50
Patricia Lawrence,335-452-3822x4766,Environmental consultant,North Gail,29703,29
Lisa Cook,391.560.9831x775,IT technical support officer,Curtisland,52736,18
Sherry Black,001-750-564-7429,Public relations officer,North Michael,41651,90
Laura Blackwell,(770)497-7023x092,Television production assistant,Port Rodneyburgh,98520,49
Christine Jackson,(667)679-4261,"Research officer, trade union",Melindaview,64182,17
David Ford,(940)446-3090x15784,Actuary,Chenstad,13561,84
Lisa Castaneda,524-325-1237,Teaching laboratory technician,Waremouth,66750,69
Mark Wiley,224-459-4675x2788,Banker,Shawnport,70821,8
Bobby Sanchez,792-218-2418x377,Trading standards officer,East Jasonville,15146,10
Erica Morgan,474-371-7803x0235,Careers adviser,West Monica,41184,2
Tasha Rodriguez,575.435.8952x17844,Acupuncturist,Erinhaven,92112,43
Austin Smith,723-735-7295,"Sales professional, IT",Edwardsmouth,14750,17
Crystal Copeland,863.631.9255x639,"Civil engineer, contracting",West Nicholas,11565,34
Jacqueline Robinson,347.506.1065,Armed forces technical officer,West Davidhaven,78755,67
Jerry Ibarra,995.653.9201x982,Trade mark attorney,Barnesberg,65916,66
James Hudson,822.253.2129x5968,Housing manager/officer,New Jessica,58480,78
Jessica Campos,+1-363-741-0446,Public librarian,West Chris,85286,16
Ashley Gallagher,001-750-230-7243x75275,Public relations account executive,Lake Kathleen,28818,72
Dr. Wendy Roman,829.624.6781,"Programmer, applications",Martinezhaven,61312,63
Katherine Leon,+1-532-288-8801x91676,"Programmer, systems",Barajasburgh,98384,35
Stephanie Chandler,001-206-856-5000,Licensed conveyancer,Marcchester,87611,14
Joseph Stone,(848)875-1742,Ambulance person,North Whitney,11153,69
Leroy Bates,(663)243-4976x420,Field seismologist,Katherineburgh,71031,18
Jennifer Frazier,808.655.6908,Garment/textile technologist,Port Stephanieville,49072,9
Jerry Anderson,(366)632-2216x624,Structural engineer,Lake Lauren,50392,25
Sara Sanders,001-925-430-3564x39897,Astronomer,West Robert,84128,28
Jessica Mullins,+1-367-402-0672x0439,Architectural technologist,Chadhaven,77825,82
Andrew Flores,+1-216-699-5736x698,Ophthalmologist,Warnerton,23095,46
Dr. James Meyers,(613)335-8221x68389,Barrister's clerk,Joshuaview,79770,59
Larry Davis,+1-806-740-5539x8380,Holiday representative,Hoodburgh,82348,86
Brandon Mahoney,001-792-219-8069x8672,Scientific laboratory technician,Richardsontown,53107,73
Shaun Shaw,(217)438-9379,Multimedia specialist,Robertberg,14399,64
Brandon Crawford Jr.,001-679-808-2084,Waste management officer,Adamside,36632,6
Heidi Richardson,+1-949-427-5870x30400,"Copywriter, advertising",Port Martinborough,38618,89
Monica Cuevas,452.348.4121x8708,Claims inspector/assessor,Hammondside,20831,29
James Miller DDS,(784)746-2171,"Teacher, early years/pre",East Christinaberg,61311,1
Joanne Williams,7132448105,"Administrator, local government",Lake Bradleyberg,76700,23
Roy Ortiz,001-632-548-2031x1970,Charity officer,Port Makaylashire,45110,35
Jennifer Fuller,+1-989-502-1192x80444,Museum/gallery exhibitions officer,Blakestad,14355,90
James Burns,259-989-4355,"Research officer, government",Nelsonborough,74783,36
Larry Cardenas,2976808052,Primary school teacher,Priceland,32275,76
Jennifer Nguyen,847-798-0113,Dentist,Wrightside,63047,72
Ryan Carey,552.250.1579x84490,Farm manager,New Ryan,82660,50
Catherine Jimenez,325.212.0742x18855,Learning disability nurse,South Benjamin,15990,73
Dana Martinez,(218)583-8393x36036,Building services engineer,Shannonfurt,85244,36
Tony Guzman,302-997-2533,"Scientist, water quality",East Spencer,49256,16
Maureen Velez,279-358-2325x023,Medical laboratory scientific officer,Wellsmouth,63094,34
Alison Stewart,+1-558-952-4912x92862,"Accountant, chartered",Pollardshire,45377,15
Logan Miller,001-224-616-3997x09943,Media buyer,North Sandrashire,22323,15
Sheila Combs,972-391-0884,Health physicist,West Howardmouth,14682,40
Matthew Goodman,+1-598-672-9688x57492,"Conservator, furniture",Roberthaven,60502,93
Parker Hammond,(559)533-6764,Careers information officer,New April,88580,55
Brian Cooper,(203)460-3845,Arts administrator,Timothytown,92951,3
Bruce Barr,803.582.6549x01158,Fashion designer,Jayfort,14810,2
Elizabeth Espinoza,2949368594,Music therapist,North Shawnberg,26979,44
Jessica Carpenter,001-999-393-1021x9410,"Teacher, special educational needs",East Wesley,79576,19
Jennifer Moss,001-518-696-0438,"Scientist, research (life sciences)",East Joannaville,18568,30
Steven Walters,(292)272-8929x604,Location manager,Johnbury,82484,100
Jesse Hughes,783.752.9428,Publishing copy,Katieview,94555,33
Victoria Harris,001-294-348-8085x6634,Research scientist (physical sciences),Piercemouth,56140,36
Jeremy Goodman,001-829-618-1190,Special educational needs teacher,West David,43788,34
Ashley Johnson,846.230.3440x6241,Broadcast journalist,Sarahfort,62353,74
David Evans,(953)707-5085,"Engineer, agricultural",East Craigborough,56830,73
David Miller,+1-372-382-3758x62149,Social researcher,Brittanyberg,59834,21
Colin Beck,+1-289-754-4263x32326,Theatre stage manager,Matamouth,75390,30
Kelly Ellis,(664)618-2957,Corporate treasurer,Rogersview,55144,91
Susan Allen,(767)216-5180,"Administrator, Civil Service",North Daniel,35659,82
Linda Moore,813.965.8844x656,Chief of Staff,East Kellyberg,96855,77
Trevor Contreras,718.964.8264x24383,Animal technologist,Lake Douglas,16953,37
Scott Sanchez,8307604526,Associate Professor,North Jason,62114,90
David Fowler,594-442-2060x38531,Newspaper journalist,Jacquelineville,24641,72
Colleen Deleon,(928)657-5230x02926,English as a second language teacher,Lake Jeremyside,49630,84
Mrs. Melinda Taylor,(796)733-6094x715,Cartographer,Tammyton,26738,85
Michael Valenzuela,(785)708-4277x74729,Leisure centre manager,Port Rhonda,76639,51
Rebecca Wright,(604)203-8837x79880,"Production assistant, television",New Jesus,28882,54
Tiffany Miller,708-392-8391x9317,Tax adviser,Mezaburgh,75966,34
Roy Brown,981.425.6829x816,Ceramics designer,Brownland,97008,4
Sarah Brown,979.295.2888,Social researcher,North Benjaminberg,97440,86
Holly Howell,899.702.7182x8222,Ophthalmologist,Millerstad,18012,58
Elizabeth Wheeler,810-554-4915x88684,Graphic designer,East Tamara,73172,100
Warren Taylor,967-869-6566,Advertising account planner,Moraleshaven,11541,81
Danny Sellers,991-466-9099,"Nurse, adult",North Saramouth,22861,86
Dr. John Brooks II,+1-631-888-8002x683,Surgeon,Ricetown,75591,84
Jennifer Olson,895-981-6801,Chief of Staff,Mcbridestad,57629,46
Joshua Rhodes,(553)792-1428x89881,Tree surgeon,Jenniferchester,33961,41
Tony Johnson,+1-997-686-1467,"Optician, dispensing",New Jessicahaven,73583,45
Henry Shaw,233-665-2732x256,Agricultural engineer,Lake Amberburgh,17587,30
Jessica Marshall,(747)247-1320,"Programmer, systems",East Brenttown,35516,27
Johnny Austin,(800)838-7263,Licensed conveyancer,Masonshire,94825,33
Cynthia Murphy,001-500-434-0709,Oceanographer,Lake Stacyfort,19001,8
David Wright,475.662.8528,Patent examiner,West Nancy,84223,46
Matthew Farmer MD,(758)539-5994x76198,Soil scientist,West Patrick,80734,6
Vanessa Mccann DDS,001-598-556-3915x11335,"Designer, furniture",East Thomas,42720,84
John Townsend,782.644.6406,Surgeon,West Marymouth,26235,92
Shelly Marshall,001-842-707-1687,Ranger/warden,Tuckerview,56985,38
Matthew Austin,(622)763-0957,"Scientist, research (physical sciences)",New Gregoryport,67635,24
Maria Pearson,4998887015,Press photographer,Devinland,46162,75
Daniel Sanchez,001-392-241-9106x760,Amenity horticulturist,South Raymondton,49441,26
Anthony Sweeney,363-898-0527,Database administrator,South Jeffrey,45989,5
Clarence Holland,346-290-2195x228,Pharmacologist,North Marcusstad,66016,99
Anthony Powell,460-766-8964,"Engineer, drilling",Joshuaton,83765,32
Mark Spencer,8544464929,"Engineer, drilling",Lake Tammy,72518,27
Molly Moore,001-265-708-4313x896,Waste management officer,Sandovalshire,71396,88
Jordan Bauer,+1-482-415-4770,Risk analyst,Jasonburgh,69148,45
Brian White,683.216.0493x38574,Drilling engineer,Boydland,56469,77
Mark Dillon,632.901.1989x5046,"Psychologist, clinical",East Derekfurt,33179,32
Megan Clark,521-778-2728,Plant breeder/geneticist,New Jennifermouth,31918,37
Angelica Bishop,001-963-574-3605,Geophysicist/field seismologist,East Karenport,13255,3
John Lucas,207.774.2605x2219,"Librarian, academic",Oconnorville,75162,58
Isabel Webster,5608245020,Personal assistant,Port Julie,70644,53
Cory Cook,327-410-0786x185,"Pilot, airline",Jonview,56830,9
Roger Nelson,966-260-8455x71853,Orthoptist,Jerryport,64592,73
Jeffrey Boyd,(646)819-0787x46193,"Engineer, energy",Martinezstad,82108,72
Kyle Lester,+1-342-595-4915x2307,Education administrator,Patriciafurt,85113,42
Eric Humphrey,909-856-5455x8612,Research scientist (medical),Ashleyside,39005,5
Nicole Long,+1-695-658-1573x9686,Chartered public finance accountant,Victorton,64100,7
Benjamin Costa,741-830-0356,"Engineer, mining",West Nicole,56902,57
John Marsh,500-236-3495,Commercial/residential surveyor,Wrightberg,29508,26
Alexa Medina,924.231.2515,"Psychologist, prison and probation services",Coxville,42439,48
Michael Park,882-264-5643x33849,Physiological scientist,Hughesburgh,68439,60
Christina Lee,302.793.2121x5581,"Designer, graphic",Hannahshire,24815,99
Matthew Carlson,344.740.4631,Publishing copy,Lake Sherry,91362,89
Edgar Schwartz,998.508.9683,Chartered legal executive (England and Wales),Stonechester,66658,12
Kelly Green,(704)307-9449,Planning and development surveyor,Thomasborough,98582,13
Jennifer Hanson,(594)545-7283x9386,"Lecturer, higher education",West Clayton,60232,60
Michele Andrews,(553)633-1937x222,"Programmer, applications",Danielborough,89080,64
Jason Chandler,326.521.4951x71850,Theatre director,Marieport,39364,66
Antonio Leblanc,959.912.8132x4640,Product manager,Lauraview,35061,61
Luis Vaughan,(524)370-9182x116,Applications developer,Victoriastad,15305,100
Jordan Marquez,2923561894,"Geneticist, molecular",Thompsonchester,27033,14
James Murphy,646-801-4028x273,Bonds trader,Valentinefort,10998,4
Nicole Schwartz,(301)684-1221x1957,Risk manager,Kyleside,29226,62
Amy Atkinson,6653170688,"Development worker, community",New Josephfort,88620,78
Kayla Dominguez,(716)259-4853x32320,Financial planner,Shirleyberg,59640,100
Jennifer Morrison,001-497-256-8346x86165,"Geologist, engineering",Jonesburgh,28942,8
Kelly Bartlett,(522)961-1280x248,Futures trader,Port Adam,91438,65
Dr. Brenda James,+1-852-776-4846x7281,Applications developer,East Jose,18873,28
Ricky Dixon MD,995-806-3862,"Horticulturist, amenity",Lake Richard,69927,66
Anne Perez,6365344912,Sports administrator,East Kendra,81458,65
Troy Mann,+1-730-452-3700x8434,Ophthalmologist,Lake Alexandria,48193,62
John Baxter,+1-594-934-8784x1787,Pathologist,Andersonberg,53249,43
Melissa Hernandez,641.827.8115x91776,Exhibition designer,Nicolefurt,56848,36
Nicholas Boyle,001-767-953-9075,"Teacher, special educational needs",South Wendy,94542,73
Jeremiah Mccoy,368-358-7844x4730,Musician,East Maryborough,53826,76
Patricia Hall,+1-528-224-8823,"Administrator, education",East Carolineberg,53203,46
William Chavez,598.273.0205,Publishing copy,Lake Jamestown,35334,68
Rebecca Smith,001-419-778-6065x46882,Health and safety inspector,Lake Steve,40569,79
Devon Fisher,001-943-388-4459x23438,Toxicologist,Laurieshire,34638,2
Nathan Goodwin,+1-722-601-9493x95181,"Psychologist, counselling",Port Jamesfort,74145,90
Andrea Smith,(507)864-2338x92103,Tree surgeon,Andrewchester,61410,97
Keith Clark,403-639-6782x50349,Social researcher,Marissastad,95115,26
Emily Williams,(360)409-2566x69263,Arts development officer,Williamschester,49565,87
Danny Robinson,+1-328-315-0171x9816,Insurance risk surveyor,North Joshua,85240,90
Gloria Brown,001-507-883-1991x93318,Special educational needs teacher,Hallburgh,90135,15
Amy Decker,783.763.0186x3797,Patent examiner,Johnsonbury,32889,21
Maria Dunn,871.309.0738x231,Speech and language therapist,East Brendaland,98015,3
Dustin Lopez,001-444-221-9127x61026,Teaching laboratory technician,South Rhondaview,44786,4
Connor Williams,001-398-917-6556,"Engineer, maintenance (IT)",Michaelmouth,44553,4
Albert Nguyen,(909)397-7448,Mining engineer,East Jackland,89087,81
Mary Zamora,001-611-755-7177x4299,Accommodation manager,Port Joshua,38086,9
Larry Bell,(345)926-6698x62331,Systems analyst,Jacksonstad,65926,75
Tammy Sanchez,+1-842-910-6207x6802,"Teacher, music",Weissshire,73876,10
Julia Hudson,387.854.6530,"Therapist, speech and language",Port Zoefort,72614,35
Carolyn Jensen,338.966.5218x534,Agricultural consultant,New Chadview,99551,50
Tristan Edwards,(883)403-2453x984,"Scientist, audiological",Josephbury,21374,19
Karen Small,+1-858-424-5064x967,Consulting civil engineer,Christopherstad,90105,87
Nicholas Smith,(276)324-9235,"Nurse, mental health",Sandymouth,19224,17
Evan Hernandez,275.836.7693,Sports administrator,Jasonton,52761,49
Lauren Caldwell,528-570-7866,"Scientist, marine",Blackfurt,53733,47
Lynn Bauer,773-977-8056,Sports administrator,Port Stephanieview,42681,36
Wendy Reilly,(897)817-5788,"Merchandiser, retail",North Timothyberg,41915,63
John Hall,623-214-6048,"Engineer, broadcasting (operations)",New Cody,26696,15
Debra Warner,360-506-3300x51607,Financial adviser,Rhondaside,35790,22
Billy Dunn,(529)451-0907,Automotive engineer,Port Marymouth,24907,65
Rachel Fitzgerald,513.257.2222x452,Retail manager,Harristown,95397,59
Margaret Andrews,(413)246-3520,Research scientist (physical sciences),East Justinville,42225,67
Robert Weiss,541.749.4754x074,"Engineer, civil (contracting)",South Sharon,28804,77
Tiffany Garcia,212.211.8268x034,"Pharmacist, community",Wareville,92239,52
Mark Preston,+1-953-731-5184x467,Barrister,Clarkland,89181,89
Sarah Miller,001-703-944-9662x9414,"Engineer, civil (contracting)",Wallacefort,62620,49
Sharon Vasquez,904-822-2860,Glass blower/designer,North Patriciaville,57445,13
James Herring,704.276.9221x7012,"Horticulturist, amenity",Robertsmouth,34533,9
Chris Juarez,001-553-682-6349,Ecologist,Smithville,75840,31
Brendan Edwards,001-373-447-3369x221,Community education officer,New Brendan,89058,10
Larry Hernandez,520.262.1961x8772,Travel agency manager,Briannamouth,31560,67
Krista Mcintosh,580.210.3125x31925,Multimedia programmer,Ronaldville,86637,67
Christopher Mcguire,670-467-7843x6913,Archaeologist,North Michael,85717,57
Judith Church,+1-824-911-2151,Careers adviser,Lake Denise,95876,70
Ian Wilson,001-633-578-3232,"Radiographer, therapeutic",Seanhaven,15433,33
Brett Andrade,913.737.3267x198,Optometrist,New Michael,96808,33
Sandra David,001-261-871-3090x7712,"Nurse, adult",New Josephburgh,22189,30
Edward Obrien,001-637-366-8478x456,"Embryologist, clinical",Traciton,51013,39
Emily Anderson,489-429-4163x15147,Dance movement psychotherapist,Pughview,83570,8
Destiny Shea,001-252-207-9655x2588,"Accountant, chartered certified",Katherinechester,28902,27
Kristen Herrera,(496)936-5533,Charity fundraiser,New Michael,33287,43
James Barker,(533)608-4318x80489,"Geologist, engineering",New Brian,74126,48
Larry Mccarthy,824-975-6271x53191,Armed forces training and education officer,South Jonathan,48509,38
Jamie Phillips,+1-536-733-8827,Educational psychologist,Emilyfort,98252,97
Brandy Lee,(596)839-7029x746,Cartographer,Monicaland,13647,13
Tammy Ramirez,859-824-2068x45521,Recruitment consultant,Andreshire,27511,56
Mark Becker,943.823.9205,Osteopath,Luisburgh,24136,90
Katherine Benitez,400.589.6601x7258,"Engineer, land",North Benjamin,33050,7
Leonard Velez,461-646-9472,Museum/gallery exhibitions officer,Jonport,55766,74
Hannah Armstrong,(613)532-4405,Immunologist,New Kristahaven,92484,6
Christina Kelly,708-632-8573x2739,Chief of Staff,Kochhaven,75654,69
Antonio Knight,(345)903-3653x76817,Water engineer,Christineborough,32553,65
Natalie Mcintosh,846-646-4550x9673,Building surveyor,Nicholasview,41239,28
Michael Edwards,(998)817-2747x806,"Psychologist, sport and exercise",Robertsfort,51751,54
Robin Little,(778)204-9374,"Psychologist, forensic",Lesliemouth,29445,78
Keith Mckinney,(831)641-7917,"Programmer, applications",New Gary,25896,65
Jennifer Hines,+1-239-586-0127x819,Water quality scientist,Williamsstad,42669,20
Robert Reese,(600)407-2996x20995,Food technologist,Ericbury,55968,64
Jennifer Robertson,(245)207-4683x93557,Prison officer,Jenniferberg,49234,40
Jesse Jackson,(417)906-8794,Electrical engineer,Sarahport,89219,11
Danielle Snyder,+1-838-309-4730x60090,Physiological scientist,Cohenhaven,49293,70
Elizabeth Bolton,226-442-6557,Teaching laboratory technician,Lake Josephhaven,49335,62
Daniel Miller,001-468-331-7260x2500,"Administrator, local government",East Ellen,40551,86
James Wilcox,(327)509-6474x65032,Information systems manager,New Andrew,33412,83
Sandra Johnson,380.300.5992,Musician,Kyleborough,87890,66
Erica Henry,285-531-0140,Podiatrist,Kathyview,94315,46
Denise Bender,(385)770-9110x0221,"Engineer, civil (consulting)",West Tinafort,86136,4
Stephen Price,734.925.2284x6821,"Engineer, structural",Brucefurt,99532,76
Anthony Trevino,625-273-6908x1406,Counsellor,West Carol,76613,31
Cheryl Ferguson,001-983-848-1330,Printmaker,South Krista,41533,75
Luis Jenkins,(276)311-3318,Theatre stage manager,Cookmouth,12182,32
Brian French,698-922-6162,"Engineer, chemical",Jenniferside,26564,58
Brian Blair,(501)249-0618x0898,Print production planner,Hernandezshire,41065,73
John Bond,001-331-423-2624,"Engineer, energy",Port Angela,69976,52
Kelsey Howell,469.925.2047x189,"Designer, jewellery",Ericton,28977,26
Rickey Park,+1-446-665-0608x225,Gaffer,West Jonathanton,41906,99
Patricia Gray,(436)308-0072x99352,Hydrographic surveyor,West Jerry,32256,53
Robert Fischer,301-923-8571,Field seismologist,Leslieshire,72306,1
Elizabeth Perez,+1-921-355-5256,Sports coach,Rhondaside,85548,92
Lisa Stanley,+1-907-801-7445x09180,"Teacher, music",North Michaelbury,81201,61
Jeffrey Powers,880.546.0644x04305,Product designer,North Paula,94216,38
Devin Brown,2763065636,Community education officer,New Erin,50436,75
Vicki Warren,001-757-869-5617x773,Immunologist,Port Debra,71485,94
Debra Frederick,306-864-2764x8008,"Pilot, airline",Fordshire,24580,31
John King,+1-945-218-8215x3594,"Engineer, maintenance (IT)",Kennedymouth,44117,84
Joseph Hampton,593-449-8575,Cartographer,Lake Bradleybury,12678,100
Stacey Jones,+1-651-285-7693x027,Management consultant,Larryfort,50998,24
Travis Bridges,001-938-446-3629x0796,Public affairs consultant,Waltonbury,75558,81
Jacob Baldwin,879.580.3319x003,IT technical support officer,Karenfort,80607,35
Kendra Townsend,+1-992-932-2846,Ranger/warden,Richardtown,18278,43
Steven Medina,(241)998-5589,Writer,Lake Charles,11905,11
Joseph Rush,8997115181,Mudlogger,Smithhaven,79274,2
Kyle Reynolds,+1-539-323-2292x60983,"Secretary, company",Ryanland,50913,35
Richard Baker,552.883.3638,Pension scheme manager,Port Joyceland,23702,88
William Wade,+1-200-680-3283,Marine scientist,Jacksonland,49308,86
John Vasquez,538-595-3556x71260,Fine artist,Guerreromouth,90507,97
Jonathan Davis,+1-631-379-7956,Child psychotherapist,Jenniferview,52936,99
Kimberly Leonard,001-610-795-3837x8065,Meteorologist,Lunashire,56359,28
Lisa Mccall,(698)883-1733x6151,Corporate treasurer,Kellyville,56564,20
John Gray,694-356-9719,"Surveyor, hydrographic",Kimborough,25964,47
David Boyd,662.938.9525,Forensic psychologist,Hayesburgh,80327,88
Briana Wallace,731-891-2744x730,Customer service manager,North Benjamin,33034,46
Cathy Cox,(351)339-4489x978,"Teacher, English as a foreign language",North Penny,99351,14
Paul Lewis,490-644-6776x676,Primary school teacher,Lake Bryan,18612,40
Gary Ramirez,001-359-224-6372,"Scientist, biomedical",Lake Veronicafort,63376,12
Ralph Patterson,001-943-251-2811,"Editor, commissioning",Woodton,96076,92
Cheryl Jones,878.217.7599x718,"Teacher, primary school",Davidsonstad,85187,49
Jeremy Townsend,6275255761,Private music teacher,Tracietown,28347,64
Lori Bates,(952)925-1574x619,"Designer, blown glass/stained glass",New Crystaltown,49819,64
Alison Cooper,+1-674-421-8286x948,Occupational hygienist,Port Tylerton,89483,39
Troy Moore,(214)201-7093x75804,Paramedic,West Theresamouth,20041,69
Christy James,353-554-0209x33438,"Investment banker, corporate",South Davidberg,39269,30
Bryan Martinez,929-351-2439x4430,Ambulance person,Rachelview,88466,81
Mrs. Mary Richard,848-456-5306x6183,Operational researcher,Gutierrezfurt,10126,79
Eduardo Brown,(682)742-9467,Mining engineer,Kimberlyview,81120,41
Samuel Nelson,451-402-8095x059,"Engineer, building services",Matthewtown,65499,78
Lisa Hinton,915-767-2973x7127,Chartered legal executive (England and Wales),East Emily,57618,4
Bradley Richards,578-866-3829,Production engineer,Collinsmouth,36196,63
Mark Smith,(216)496-4647x4152,Theatre stage manager,East Meganville,81112,73
Julia Jones,001-529-701-0039x828,Camera operator,New Jeffrey,56930,43
Kristine Davis,(736)410-1308,Oncologist,Tracyville,88006,62
Jared James,887-607-9949x41576,"Designer, furniture",Nathanhaven,63502,69
Stacy Contreras,828-564-8523,"Psychologist, forensic",Scottshire,85548,33
Lori Gardner,+1-386-467-3790,Forensic scientist,Lake Amy,83899,82
Daisy Rodriguez,(533)363-9263x1952,Product/process development scientist,Ryanland,12573,5
Haley Lopez,3412697435,Network engineer,Charlestown,10224,95
Stephanie Harris,+1-612-213-1039x680,Warden/ranger,Millerton,56993,75
Shelia Carlson,469-364-3875x679,Private music teacher,South Sue,83835,67
Katrina Boyd,+1-347-916-4412x0589,Commissioning editor,West Dustin,29337,29
Jennifer Gordon,9177019366,Corporate treasurer,Wilkinston,22933,9
Jacqueline Cuevas,(356)690-4781x04203,"Nurse, mental health",Amyland,20518,92
Brian Deleon,001-389-986-5911x9649,"Lighting technician, broadcasting/film/video",West Petermouth,54676,1
Brad Compton,707-869-9903x808,"Engineer, civil (consulting)",Mcdanielview,58484,2
Robert Thornton,840-639-3521x3146,Graphic designer,West Darlene,80594,11
Felicia Ortiz,001-966-491-7179,Careers adviser,Lake Justin,38060,8
Jessica Barker,8543359490,Accounting technician,Barnettshire,92044,91
Rebecca Coffey,236-440-4102x10946,"Therapist, art",North Williamberg,46441,4
Brian Torres,(615)634-9656x36197,"Engineer, drilling",North Jennifer,11872,94
Sarah Diaz,5917466066,Warehouse manager,West Johnhaven,28775,62
James Key,(721)709-1311x563,Corporate treasurer,New Michael,91240,77
Marcus Taylor,711-214-4317,Musician,Zacharytown,29443,84
Tasha Martin,+1-792-751-5528x96081,Passenger transport manager,Jesseside,87265,90
Terri Proctor,001-681-320-7265x009,Trading standards officer,Christinaport,29964,68
Debra Casey,001-279-579-3129x1520,"Librarian, public",Whiteview,29350,3
Kaitlin Miles,6867483590,"Engineer, communications",Wellsbury,88071,89
Michael Nixon,867-397-0614,Health physicist,Randolphbury,20373,92
Stephanie Crawford,+1-958-417-1453,Tourism officer,South Holly,92363,71
Steven Taylor,(947)274-4136x13418,Freight forwarder,Perezmouth,58414,75
Kelly Robinson,(962)533-1166x0704,Paediatric nurse,South Mackenzie,20855,9
John Griffith,+1-343-233-8231x573,Cartographer,Sarahfurt,91089,30
Douglas Moreno,(501)517-3398x301,"Teacher, English as a foreign language",Garciaville,69983,9
Mathew Shelton,001-274-427-3826,"Surveyor, building",Lake Kristen,32150,58
Kyle Lopez,738-757-3541x0712,Waste management officer,Port Michaelton,59526,12
David Gaines,(278)869-4163,Tree surgeon,East Karen,79617,89
Corey Evans,+1-703-444-3028x993,"Engineer, water",Arnoldbury,21215,58
Dominic Miller,+1-863-454-0525x073,Metallurgist,West Michaelville,94142,85
Shawn Wilson,(280)267-9104,"Engineer, water",Barrtown,12734,5
Scott Guerrero,209-918-5920,Risk analyst,Gibsontown,96821,14
Robert Harris,(415)718-9147,Horticultural consultant,Lake Rebekahborough,75150,73
Brandon Nelson,939-960-0302x589,Town planner,Lindseyhaven,76246,30
Amanda Huynh,2207850995,Commissioning editor,Robertbury,49378,26
Matthew Perkins,494.374.2195,Occupational therapist,Patrickchester,70087,45
Edwin Booker,906-978-9707,Travel agency manager,Hodgechester,42776,89
Brandy Ortiz,+1-755-487-1324,"Clinical scientist, histocompatibility and immunogenetics",West Christinahaven,71736,42
John Perry,610-517-6061,Data scientist,West Jasonside,30269,32
Brandon Cox,(999)996-1619x37306,Sport and exercise psychologist,North Brandonview,57176,57
Makayla Phillips,562.432.3424,Holiday representative,North Stephanieside,75535,43
Kristen Williams,(497)940-2818x6175,Pharmacologist,Kingberg,51162,69
Jaclyn Jones,721.486.6191,Magazine journalist,Lake Melissaberg,54056,36
Russell Mason,799.614.4486x5600,International aid/development worker,North Lindsayshire,96539,72
Keith Ramsey,391-627-2675x176,Actuary,Stevenstad,49667,19
David Mcclain,771-255-3474,Diplomatic Services operational officer,Davisview,25348,20
Joel Walls,+1-710-846-2388x925,Chemical engineer,Leebury,16504,16
Corey Cook,(322)314-1812,Warden/ranger,Lopezborough,85040,75
Sheri Hernandez,3225581075,Air broker,Fernandohaven,94946,25
Melissa Davenport,001-667-264-2910x12144,"Programmer, applications",Robinshire,62383,11
George Williams,001-995-250-5232x222,"Nurse, learning disability",South Christian,52152,5
Dalton Hernandez,657.392.5326,Energy manager,East Brittany,38828,37
Matthew Brown,8506214125,Local government officer,Jacobton,72474,96
Patricia Johnson,213-495-7772x8666,Tour manager,Kingside,65595,18
Brett Boyd,495.383.9050x653,"Editor, commissioning",Morrisonton,35191,42
Jill Chang,669.738.4794,Commercial horticulturist,New Jennifer,80447,59
Crystal Nguyen,315.345.1302x845,Geophysical data processor,Kristineland,94795,86
Dustin Boone,854.832.0836x821,Ophthalmologist,Brandyport,63443,23
Zachary Cooper,223.207.9081x8515,Clinical cytogeneticist,West Shelby,72994,40
Dr. Jesse Perez DVM,280-941-3318x64541,Clinical biochemist,Travisburgh,68915,10
Christopher Bishop,597.672.3164x913,"Administrator, Civil Service",Loriton,50315,39
Renee Williams,8304432509,Academic librarian,North Markhaven,66117,10
Danielle Smith,001-260-990-9586x48923,Lexicographer,Brandyhaven,86776,68
Michael Sullivan,+1-717-781-3010x68548,Occupational psychologist,East Kimberlyfort,41940,36
Christopher Sanders,001-871-700-2460,Health promotion specialist,East Kenneth,42961,15
Karen Castaneda,(692)547-0158,Comptroller,South Michael,89396,28
Thomas Huffman,+1-637-649-1149,"Engineer, drilling",Andersonport,54070,47
Jonathan Smith,7593405008,Health and safety inspector,North Robertville,34805,28
Donna Cannon,001-398-943-7520x247,English as a foreign language teacher,Heatherfurt,26680,81
Diane Sanchez,001-691-730-4528x34699,Visual merchandiser,Lisaburgh,68970,9
William Forbes,7698629313,Social worker,South Hannah,91954,19
Mrs. Angela Jenkins,(386)684-2973,Broadcast journalist,Nortonfort,22898,59
Karen Mckay,+1-219-400-5346x540,"Psychologist, counselling",Hillstad,98408,12
Jared Stafford,568-820-9825x57949,Public relations account executive,West Kristinaland,35430,99
Jared Terry,653-325-4153,Financial trader,West Kelli,85811,51
Erik Martin,(528)995-8733x81086,Special educational needs teacher,North Kimberlybury,32845,75
Adrienne Marsh,904.875.9196x185,Marine scientist,Port Adam,97488,29
Kelsey Black,583-472-7755x0240,"Engineer, biomedical",South Toddhaven,14730,96
Tommy Aguilar,304-542-6634x472,Tour manager,West Jennifer,22820,18
Michelle Bryant,001-260-881-6571x7231,Tour manager,Port Mark,28091,54
Jessica Brown,(478)441-4507x230,Statistician,Andreaview,88180,86
Kyle Sanders,923-539-0184,Television production assistant,Michelestad,24660,1
Daniel Phillips,+1-908-607-5246,"Geologist, engineering",Port Brian,65709,31
Mark Cox,+1-724-807-0303x12225,Insurance risk surveyor,South Cory,33711,46
Tyler Williams,504-498-8468x573,Ophthalmologist,West Alishastad,61512,84
Margaret Williams,(513)572-6805x918,Field trials officer,Victoriaview,65882,30
Angela Adkins,5103569494,Accommodation manager,Valeriefort,50827,47
Eric Warren,(491)318-5048x157,Medical laboratory scientific officer,Kempburgh,60349,25
Brandon Ashley,538.331.4905x25010,Camera operator,Jacksonville,67053,75
Gina Thomas,+1-667-779-9624,English as a foreign language teacher,Timothystad,39225,91
Keith Cruz,812-476-9678,Broadcast journalist,South Robertfort,11849,76
Angela Mcdonald,(596)928-5793x88619,"Horticulturist, amenity",Port Melinda,83213,8
Mr. Michael Rivera,877-375-5878,Immigration officer,Alexandraton,92519,88
Ann Peck,(658)937-7488x145,"Accountant, chartered certified",East Jennifershire,65841,54
Randall Hunt,695-664-4293,Petroleum engineer,Jasmineton,18352,72
Chase Taylor,(468)283-4520,Web designer,Elizabethton,43134,68
Natalie Jackson,741.448.4575x27346,"Engineer, maintenance",Wareburgh,74575,2
Johnathan Clark,001-835-509-8389x17972,Equities trader,Bradshawport,23842,6
Deborah Cantrell,+1-559-289-3681,Consulting civil engineer,West Daniel,28704,64
Vicki Winters,001-977-464-6158x712,"Buyer, industrial",Joannastad,11377,59
Emily Joseph,(551)919-1321,Herpetologist,Khanberg,43047,80
Ebony Singh,9922053854,"Research officer, trade union",Lake Michaeltown,79420,99
Joshua Jackson,001-357-893-0448x171,"Engineer, electrical",Stewartberg,61157,53
Heather Fleming,495-429-3490,Physiotherapist,Melissaport,24298,23
Teresa Lawrence DVM,907.398.6087,Clinical biochemist,Taylorland,48645,52
Christine Stevenson,001-214-228-6895x95440,Medical sales representative,North Jimmymouth,76298,24
Holly Bridges,7535071270,"Librarian, public",Port Lauraton,43713,40
Jody Perez,001-992-804-5457,"Administrator, local government",Kennethmouth,50771,18
Martha Edwards,(914)473-9751,Recycling officer,Denisestad,60923,67
Darryl Smith,(302)751-0681x9935,Diplomatic Services operational officer,Leeland,91186,75
Tammy Collins,(715)201-0821,Web designer,East Nancyton,40291,46
Tiffany Butler,211-612-7278x00640,Biomedical engineer,North Brent,90745,78
Steven Peterson,2645108396,"Engineer, technical sales",Emilyview,83580,3
Kevin Lane,001-976-382-4345,Equality and diversity officer,North Kathleenstad,78932,70
Hannah Miller,4747267807,Aeronautical engineer,Boydhaven,99507,91
Frank Lee,511.302.5468,"Psychologist, counselling",Hurleyview,41653,44
Cynthia Wright,8247276588,Data processing manager,Atkinsborough,73466,70
Christina Lewis,001-360-739-8241x21579,Barrister's clerk,West Candace,90216,46
Beth Mitchell,460.987.5910x6786,Oceanographer,West Richard,45384,71
Kelli Newman,605-414-4735,Event organiser,Katrinafurt,79093,72
Roberto Wilson,7895353269,Clinical biochemist,West Tara,65465,99
Brandon Benjamin,367-222-3522,Orthoptist,North Courtneyport,92169,51
Amanda Welch,001-418-223-5219x74277,Musician,South Denisehaven,56560,74
Larry Roberson,(356)536-2721x18910,"Designer, jewellery",Lake Michaelbury,73686,14
Jerry Wheeler,+1-987-702-1597x10806,Counselling psychologist,Lake Clintonmouth,72249,71
Dawn Fitzgerald,872.623.6643x030,"Designer, industrial/product",Lake Abigail,32868,26
Anthony Barnes,(236)799-4206,Gaffer,Lake Katherineside,15326,3
Andrew Velasquez,001-503-745-2514,"Surveyor, land/geomatics",North Julieland,35624,20
Eric Lee,997.278.2949x702,Health and safety adviser,Olsonfort,16072,7
Marissa Nelson,001-244-647-8238x85814,Barrister's clerk,East Richardmouth,96231,43
Caleb Mills,249.411.9541x39514,"Therapist, horticultural",Port Shane,48431,97
Heather York,001-327-392-3854x8989,Chartered certified accountant,Hardingburgh,16176,48
Tina Patton,9758988806,Chiropodist,East Nathanport,27819,100
Meagan Anderson,(505)227-1706x882,Race relations officer,Maddenburgh,63519,57
Brittany Roy,001-376-797-6193,"Engineer, drilling",North Alan,63040,85
Kenneth Stephens,001-460-565-9966x338,Oceanographer,East Kim,49468,96
Kaitlyn Jones,504.278.8887x252,Firefighter,Cochranport,45257,14
Mark Clark,322-579-2956x495,"Administrator, arts",East Russell,16455,72
Diane Valdez,243.961.7646,Call centre manager,Port Sean,94544,87
Chad Dunn,(619)809-0814,Surgeon,West Brandonhaven,90199,65
Katherine Nelson,419-792-3285x981,Personnel officer,Lake Zachary,31131,40
Cynthia Morgan,418-880-0376x9702,Leisure centre manager,Cortezmouth,56993,3
Laura Ramirez,444.406.2500x2938,Patent examiner,Nicholasburgh,13284,74
Amber Coleman,(978)408-8059x3901,Environmental education officer,New Brianton,58313,25
Jocelyn Nixon,5834646703,Technical author,West Suzanne,11934,62
Melissa Blair,264.670.0932,Research scientist (medical),Marthaport,62134,42
Jackie Walsh,+1-285-226-8480x027,Recycling officer,North Debraburgh,61663,9
David Montes,484-706-7540x6298,Personnel officer,Olsonside,38492,77
Seth Roy,651-970-7954x1772,"Production designer, theatre/television/film",Hawkinsburgh,75487,16
Mary Lopez,402.898.2555x19151,Management consultant,Lake Kathleenmouth,73112,62
Joyce Hester,6104409372,"Scientist, product/process development",West Dylan,36578,15
Tina Lopez,369-226-9533x4319,Physiotherapist,Randyfort,17711,14
Samantha Paul,768-880-2769x79833,"Civil engineer, contracting",Gainesmouth,55828,8
Natalie Nguyen,+1-348-684-4976x87674,Television production assistant,North Tracie,84560,77
Maria Schmidt,(659)369-2691x76696,Rural practice surveyor,Charlesberg,27534,73
Katie Nash,8836183815,Advertising art director,North Timothystad,73833,57
Daniel Cain,001-353-474-7514,"Horticulturist, commercial",Rogersmouth,21036,98
Katrina Whitaker,(349)866-6973,Civil Service fast streamer,West Samuelborough,48960,22
Ricardo Fleming,450-867-2286x659,"Conservator, museum/gallery",Carolinehaven,17475,86
Pamela West,480.288.6627,"Social research officer, government",Lake Richard,41419,69
Jennifer Brown,001-663-242-0636x343,"Engineer, biomedical",Rosehaven,11395,81
Andre Williams,263.597.1042,Occupational hygienist,South Jasonland,58579,18
Amy Horn,001-474-897-7113x4892,Health visitor,Brownborough,91702,95
Frank Lynn,(558)886-5678x313,Speech and language therapist,Douglasview,59990,45
Don Coleman,4834817391,Physiological scientist,Lake Brandon,77311,13
James Clark,992.833.9193x14506,Music therapist,East Benjaminton,72375,55
Jessica Fox,(497)656-8378,Community development worker,South Robertport,52262,18
Kerry Mann,(472)406-6352,Amenity horticulturist,North Saraberg,28463,94
Deborah Taylor,+1-474-285-1653x3238,Educational psychologist,Jameschester,75460,20
Rhonda Crawford,(972)900-6182x5771,"Librarian, public",Batesland,59658,60
Lori Robertson,742.870.1048,"Engineer, structural",Dennismouth,24847,61
David Williams,001-708-873-2528x35992,Tax adviser,Port Jennifer,88155,30
Joseph Gilbert,001-202-228-6470x2389,Oncologist,North Pamelaport,70695,57
Kyle Wagner,927.393.8589x203,Ship broker,New Lisa,81865,56
Christopher Curtis,277-770-6832x646,Research scientist (medical),East Adam,69931,69
Erin Brewer,(698)487-5392x0081,Professor Emeritus,Tonyaport,11190,39
Mary Foster,8287661920,"Horticulturist, amenity",Port Amanda,85269,10
Tim Petersen,849-283-5367,Advice worker,Flynnstad,50716,24
Shawn Vargas,776-262-0973,Radiation protection practitioner,South Nathanbury,45761,87
Amber Floyd,(398)516-4220,Theatre stage manager,Billburgh,22149,5
Craig Butler,001-293-518-0353x62611,"Designer, interior/spatial",New James,41968,8
Michael George,(794)625-3800,Immigration officer,New Jerryborough,21409,10
Scott Woodward,001-837-404-9290x32854,Futures trader,Michaelfort,18417,90
George Wright,661.486.8902x50970,Television camera operator,Christinaview,13267,19
Cynthia Miller,766.509.8842x833,"Geneticist, molecular",South Bryan,95182,30
Glenn Spence,001-567-295-3519x692,Insurance claims handler,East Stevenfurt,69940,47
Chad Fischer,+1-278-839-6054x3580,Orthoptist,North Jamesland,32671,31
Jason Chase,+1-241-711-0613x7094,Orthoptist,North Diana,75247,86
Jeanette Taylor,(911)933-1131,Animator,Graytown,55033,15
Stephanie Miller,+1-837-894-9173x51123,"Programmer, multimedia",Kelleyfort,73512,14
Mark Mcgrath,(957)461-2314x505,Operational investment banker,Nicholshaven,96835,17
Anna Robinson DDS,416-527-2134x5268,Dentist,South Jeffreyhaven,79812,31
Dylan Hall,297-801-4147x07823,"Therapist, speech and language",Mauricehaven,68543,51
Andrea Ballard,001-341-944-8995x63305,Medical secretary,Rickyberg,65861,17
Mark Davis,+1-220-956-5143x837,Fast food restaurant manager,Port Matthew,33029,87
Thomas Gonzalez,894.811.1441x843,Tax adviser,North Wendyburgh,72631,29
Charles Howell,483-235-4113x6995,Financial trader,Mackmouth,73525,16
Taylor Thomas,(462)333-3058,Medical illustrator,Hamptonfurt,79491,10
Tracy Petersen,+1-698-893-5666,Chartered loss adjuster,Whitefort,10327,8
Mercedes Hoffman,502.352.6888,Forest/woodland manager,Port Deborah,55203,92
Brent Crane,001-283-385-1131,Hotel manager,Triciafurt,50813,24
Harold Allen,251-646-5920x234,Research scientist (maths),West Chad,75321,86
Richard Davila,511.339.5355,"Producer, radio",Biancachester,20062,99
Connie Brown,+1-795-600-8229,Trade mark attorney,Greenstad,52270,41
Evan Hall,(583)995-3856,Chief Financial Officer,Alexandraport,29122,53
Andrew Martinez,+1-261-571-3533x5218,Immunologist,Hornville,59085,47
Gabriel Wells,2267462593,Chartered legal executive (England and Wales),Chelseafurt,52247,2
Matthew Douglas,565.386.5651x297,Ergonomist,Tammyton,68045,62
Tabitha Johnson,628-591-2745x8020,Solicitor,Kevinland,74330,31
Jacob Griffin,949-584-4217x4712,Dentist,Baileyburgh,12532,16
Steven Cobb,001-658-505-2289x3664,Insurance broker,Boltonfort,53341,48
Joshua Valenzuela,001-970-668-4509,Pharmacologist,South Timothyside,25337,1
Robert Gordon,+1-571-693-8502x4133,Photographer,South Matthew,55591,24
Justin Carter,371.851.5637,Facilities manager,New Sierramouth,66434,40
Melinda Daniels,447-864-9934x33639,Accommodation manager,Paulfort,87437,2
Robert Mathis,875-804-1530x845,"Teacher, early years/pre",Fieldsview,61522,90
Kathryn Keller,6745634267,Recruitment consultant,Lake James,10347,9
Emily Townsend,7362373981,Commissioning editor,Joneschester,37307,21
Nathan Edwards,579.285.7688,Chartered loss adjuster,Carterton,81034,88
Jerry King,291-340-2653x1673,Farm manager,North Rodneytown,97065,80
Kristen Anderson,(306)266-8504x380,Counselling psychologist,Morgantown,10431,92
Melinda Jackson,628.905.7011x6895,"Biochemist, clinical",New Wesleybury,95516,24
Clifford Butler,692.836.4910,Counselling psychologist,West Samuelborough,80269,60
Sandra Jefferson,001-730-977-0394x565,"Engineer, manufacturing",South Melissatown,59232,44
Duane Francis,001-722-292-8853x7341,Trading standards officer,Dannymouth,89068,63
Jordan Castaneda,671.489.4260x62803,"Lecturer, higher education",Port Angela,60607,49
Michael Evans,591.309.1556x272,Visual merchandiser,North Kelly,11422,100
Jennifer Jensen,304-557-3878,"Engineer, structural",East Reginaldhaven,94765,63
Samantha Miller,979.620.9612x341,Arts development officer,Lake Brenda,40456,72
Ryan Holmes,(333)429-7310x76899,Set designer,New Brian,78315,20
Pamela Harrison,(294)939-5668x959,Education administrator,Stephaniefort,63905,63
Nichole Allen,232-631-4113x2106,Corporate investment banker,Burnettshire,29232,80
Carlos Hill,+1-560-447-2863,"Scientist, water quality",West Mathew,57111,7
Christine Rubio,(992)589-0913x86806,Chief Operating Officer,Melendezshire,71412,71
Kristina Smith,+1-994-813-4720x79374,Set designer,New Anthonymouth,75099,19
Ashley Ruiz,342-663-0351,"Production assistant, radio",Kellertown,15548,13
Ann Wright,(525)464-3668x88073,Community pharmacist,Patrickton,10467,2
Jason Perez,001-619-517-5901,Building services engineer,Lake Scott,74365,18
Tammy Huang,563.481.9365x37296,Theatre director,East Richard,46821,4
Joseph Espinoza,+1-294-927-9717x7018,Hydrologist,Lake Lisa,91225,53
Andrew Alexander,001-573-800-1748x2880,Drilling engineer,Lake Joshua,34738,98
Amy Rasmussen,886-661-4426x622,Media buyer,Maciasberg,36474,46
Derrick Barker,(903)277-0625x6414,Meteorologist,Brittanyshire,76161,34
Christine Ross,928-331-8875x977,Accounting technician,Thompsonland,17097,44
Kendra Walker,357-301-2383x42705,Operational investment banker,East Trevorville,94834,26
Amy Long,803-406-2710x11173,"Development worker, community",East Henryville,77916,54
Shelby Perez DDS,001-465-717-7679x57298,"Psychotherapist, dance movement",New Connie,17478,15
Mariah Young,653.486.1063,"Engineer, water",Port Christopherborough,83715,25
Angela Hayes,(389)737-9020x17788,"Journalist, broadcasting",South Melissastad,19939,21
Kristen Rogers,(629)337-0767x67054,Energy engineer,West Garychester,51823,4
Teresa Edwards,+1-963-497-0267,Animal technologist,South Aimeemouth,83243,28
Aaron Maxwell,606-883-2261x87261,"Investment banker, corporate",Port Thomasmouth,74202,24
Martin King,001-946-501-6181x2744,Broadcast journalist,East Benjaminchester,58632,78
Gerald Green,+1-476-721-3360,Insurance account manager,Sethton,81526,63
Patricia Palmer,947-678-0722x17528,Cytogeneticist,Stewartmouth,76857,72
Luis Meyers,001-880-661-9873x5138,"Teacher, early years/pre",Sarahstad,98720,26
Erika Rivera,680-818-2217x65862,Furniture designer,South Jasonmouth,76255,53
Thomas Sanchez,768.793.0961,Art gallery manager,West Juanmouth,97813,2
Laura Jones,(309)246-2325,Risk manager,East Shane,24705,56
Rachel Vazquez,694.762.1304x8239,Building services engineer,Port Lauraburgh,75378,37
Diana Adams,579.450.7175x5253,"Nurse, adult",Willieberg,47431,96
Kayla Hobbs,(800)457-2982,Community education officer,South Carrieside,78045,61
William Burns,317-539-1941x743,Technical brewer,East Willie,77904,42
Bill Pineda,+1-363-281-5589,"Administrator, sports",North Wesley,30774,84
Susan Perez,+1-458-595-8874x9922,"Accountant, chartered management",Brandonside,85684,81
Eric Marshall Jr.,+1-576-825-7118,"Engineer, control and instrumentation",New Joechester,35884,12
Desiree Ramirez,001-323-896-3772x774,Product/process development scientist,Port Devin,67165,72
Kelly Moore,(633)368-0931x083,"Scientist, product/process development",Port Stephenstad,41716,40
Michael Stephens,239-700-0707x55137,"Nurse, adult",Marksburgh,11584,67
Andre Griffith,8936410994,Dietitian,South Gary,87633,65
Theresa Richardson,001-632-928-1219x7747,Armed forces operational officer,West Frankmouth,13187,95
Tracy Krueger,001-747-622-1065,Fashion designer,Cruzborough,79021,56
Sarah Richardson,844-594-7622x59349,Chemical engineer,South Robertland,79497,83
Michael Reid,2375537339,Equities trader,East Jeff,72144,65
Logan Ware,+1-582-677-5307,Clinical research associate,Medinaton,65782,100
Anita Smith,256-857-0025,Media buyer,Susanland,92981,68
Jessica Joseph,+1-866-407-1376,"Radiographer, therapeutic",New Renee,21504,31
Mary Bailey,5565632675,"Physicist, medical",Cookberg,75485,93
Andre Hartman,9992239792,Clinical biochemist,Kylemouth,58669,57
Debbie Parker,(908)364-1210x491,"Surveyor, land/geomatics",Andreaborough,63949,22
Allen Miller MD,(758)977-8661,"Lighting technician, broadcasting/film/video",East Davidberg,89626,71
Michael Williams,(594)552-6265x994,"Engineer, electrical",Jenniferberg,70473,74
Kelli Roberts,5816136501,"Engineer, manufacturing systems",South Bradley,93971,37
Eugene Carter,5845938650,Horticultural therapist,Thomastown,43478,76
Marilyn Campbell,001-929-559-4149x798,Industrial/product designer,Adamsmouth,93981,70
Michael Harris,826-982-6987,Writer,Lisaport,68690,95
Jessica Rice,619.920.6841x2869,"Doctor, general practice",Port Josehaven,18687,44
Andrew Lara,+1-481-777-2390x9117,Hydrographic surveyor,South Melissatown,99631,29
Brenda Ingram,(361)486-1435x381,Risk manager,West Sarahland,63094,96
Cynthia Delgado,786.901.5686x3673,"Lighting technician, broadcasting/film/video",Port Briana,87285,86
Kyle Ortega,(681)565-7606,Best boy,Bakerhaven,92389,18
Frank Mosley,408-388-1411x52885,Insurance broker,Lisachester,82263,35
Theresa Bridges,(474)685-3161x0014,"Psychologist, counselling",Lake Elizabethville,64779,54
Kathryn Flores,8242755951,Air broker,Port Susanhaven,30792,45
Joseph Sandoval,660.892.5200x71361,"Engineer, site",West Amy,39871,45
Kevin Gray,001-564-554-3092,Agricultural consultant,Port Jose,35045,77
Taylor Smith,795.980.4273x6446,"Development worker, community",Michaelland,21611,22
Sara Garcia,794-431-0307x577,Speech and language therapist,Daviesview,13426,3
Erin Vega,(701)805-9309x581,Government social research officer,East Davidfort,28115,11
Michele Kelly,001-899-541-0924x3638,Futures trader,Kleinburgh,48170,80
Lee Flores,326-254-2919,Food technologist,Jennaville,94963,51
Michelle Evans,979.700.5902x92511,Clinical cytogeneticist,Jennifermouth,94428,73
Leah Levine,827.875.2797,"Education officer, community",Patrickville,76682,69
Michael Hurst,976.861.1315x5041,Prison officer,Elizabethchester,94574,97
Angela Ray,769.320.3219x8344,"Scientist, research (physical sciences)",West Rachelhaven,25620,78
Amy Michael,280.265.8293x01299,Research scientist (physical sciences),Catherineside,51195,92
John Johnson,980.824.2891x851,Geographical information systems officer,New Jennifertown,17342,34
Todd Peck,(983)830-7380x3338,Phytotherapist,West Matthewmouth,77571,82
David Odom,001-423-389-6215x8559,Geophysicist/field seismologist,New Eric,93135,14
Mary Pope,521-253-7812x62399,Quantity surveyor,Scottfort,70189,31
Jacob Rodgers,(967)750-7972,Regulatory affairs officer,South Jessica,49758,47
Kevin Bird,902.356.8468x617,"Therapist, occupational",New Angelica,83505,19
Madison Mathis,843.867.3951x3659,Intelligence analyst,West Marystad,14408,7
Keith Green,627.391.3613x3941,Estate agent,Lisabury,16530,59
Jordan Richardson,001-843-785-8108x31904,Dancer,Moralesberg,90637,93
James Hernandez,(244)200-6491x870,"Engineer, site",Port Sarahberg,78870,59
Charles Sherman,256.959.1416,Education administrator,Campbellberg,62433,18
Jason Thomas,+1-529-555-9838x49865,"Designer, multimedia",East Timothy,15734,89
Tyler Brooks,9148759319,Physiological scientist,Markstad,39603,77
Adam Perez,258-850-8727,Aeronautical engineer,South Angela,88377,91
Amy Harvey,550-809-4501,Electronics engineer,Wardchester,36494,60
Erin Collins,8962020808,Multimedia programmer,Port Graceton,87885,47
Morgan Bowman,962.578.2768x617,Biomedical engineer,West Josephtown,15895,81
Jessica Mclean,(542)805-3261,Purchasing manager,Powellland,39789,39
Amanda Johnson,001-314-239-9807x3050,"Production assistant, television",South Linda,78595,59
Katherine Adams,856-767-3805,Estate manager/land agent,Holmesland,96734,8
Stacy Stone,4197030810,"Programme researcher, broadcasting/film/video",Jimport,28232,67
Dustin Hamilton,+1-389-874-1052x513,Publishing copy,Tuckerborough,98248,56
April Cooper,368.258.8657x2699,Applications developer,Lake Richard,89840,93
Michelle Moore,828-743-5879x19998,Seismic interpreter,New Allenland,95032,56
Kevin Daniels,669.867.8854x9129,Human resources officer,Stephanieburgh,30148,46
Kimberly Wilcox,504.964.0751,"Surveyor, hydrographic",Duncanburgh,70512,45
Austin Woods,232-301-5074,"Programmer, systems",North Justin,16512,27
Dr. Jessica Williamson,+1-945-871-7301x5662,"Engineer, drilling",Anthonyfort,13683,23
Corey Lutz,925.601.7853x34061,Tourist information centre manager,Robertsside,82571,59
Denise Parker,001-509-936-0151x55334,Technical brewer,East Kristintown,82993,31
Michael Young,(631)622-8389,"Producer, radio",Lake Amanda,79520,56
Mark Acevedo,888.565.6120x00334,"Civil engineer, consulting",Port Jessicahaven,93988,21
Carlos Rivera,981.770.3353x03281,Learning mentor,West Kristenland,21808,16
Christopher Larsen,523-451-0612x89562,Careers adviser,Meredithmouth,72092,36
Stacey Perez,7899374728,Telecommunications researcher,Port Tonihaven,23298,50
Erin Wright,+1-680-267-4814x6422,"Copywriter, advertising",North Meaganchester,84329,4
Joseph Acosta,932-907-4593x2644,Risk analyst,Port Joannechester,15771,30
Kristen Griffith,529-790-2737,"Scientist, research (medical)",Coreyside,55720,5
Ronald Hood,001-220-582-4692x2765,Theme park manager,West Alyssa,14880,59
Colin Ingram,(795)911-3899,Tax inspector,Bennetthaven,49969,21
Kristen Stewart,+1-377-915-3706,Clothing/textile technologist,Brittanyland,61709,83
Patricia Lawson,954-662-8143,"Surveyor, commercial/residential",West Richardland,50681,100
Melissa Hall,419.903.1102,Health visitor,Hansenmouth,34149,47
Dr. Todd Ali,001-702-938-8271x7967,"Programmer, systems",Paulview,95212,89
Jasmine Hood,267-707-3027x31565,"Designer, television/film set",South James,96298,23
Johnny Hanson,700.366.4157x774,Materials engineer,Lake Shelleyhaven,38287,59
Kelly Shelton,337.566.1609,"Embryologist, clinical",South Kaitlin,30805,28
Miss Emily Sherman,455-839-6515x1110,Associate Professor,Bellhaven,84548,39
Savannah Patterson,(239)462-4450x599,"Accountant, chartered public finance",Sandersburgh,68240,99
Kurt Reynolds MD,+1-502-270-1515x2403,Insurance broker,North Ryan,66222,43
Robert Nichols,001-618-588-2380x80496,Financial manager,South Barry,31485,30
Jimmy Barrett,423.951.6677,"Journalist, newspaper",New Bryanview,66574,76
Amy Martin,905-643-2045x67383,Paramedic,Cherylchester,98766,44
Nicole Johnson,628.556.9807x3526,Equities trader,New Laurie,21810,23
John Ayala,001-488-850-3712x89503,"Production assistant, television",Port William,60835,4
Lori Burton,(696)650-0029,Mental health nurse,Michaelside,71569,7
Barbara Mcdonald,352-810-5197,"Conservation officer, nature",East Derek,86994,35
Tina Nguyen,973-509-3691,Personal assistant,Juliefort,29285,68
Ashley Fischer,(574)399-4518,Multimedia specialist,Porterfurt,95169,3
Chelsea Smith,(637)705-9014x102,Medical physicist,North Michelle,49804,73
Sarah Reed,772-575-8886x760,"Engineer, maintenance",South Christopherfurt,30263,21
Marcus Graves,(779)925-4273,Applications developer,Jonesburgh,90955,42
David Huang,(335)667-0616,Retail banker,Yolandabury,81110,88
Julie Tyler,258-263-2682x7993,TEFL teacher,Francoburgh,94253,73
Tyler Flynn,832.237.8865,"Doctor, hospital",Elizabethberg,86909,76
Sylvia Miller,001-397-807-8102x53235,Building control surveyor,North Tammy,73939,23
Tammy Dudley,593-953-1586,Hydrogeologist,Brandontown,30006,38
Bailey Hughes,(817)938-4055x7642,"Doctor, hospital",Hernandezbury,78970,23
Pamela Williamson,4878665457,Regulatory affairs officer,Rileystad,62612,43
Kathleen Simpson,(927)527-0528x808,Careers information officer,Sullivanport,91747,83
Rachel Gomez,+1-772-661-7397,Arboriculturist,North Tracy,95255,41
Nicholas Peters,(356)862-6202x436,"Scientist, research (maths)",Tranland,12995,32
Steven Adams,846-434-0768,Chief of Staff,East Steve,28002,97
Brian Lee,283-215-1386x078,Petroleum engineer,New Monica,25257,93
Michael Lewis,(602)872-4814x13736,"Engineer, electronics",Mooreburgh,39519,62
Jerry Lopez,+1-910-449-7974,Air broker,Emilyburgh,46062,72
Veronica Parker,796.256.2977,Further education lecturer,New Alexander,51118,69
Stephen Morgan,+1-917-321-8172x926,"Production assistant, television",South Jonathan,36939,35
Jason Weber,001-695-351-2181x91965,"Therapist, sports",West Williamshire,13714,7
James Proctor,001-615-620-1654x8204,"Therapist, sports",Lisaberg,16857,96
Francisco Henry MD,757.862.1441x2874,Operations geologist,North Juliefort,74852,50
Alice Preston,001-932-994-7116x336,Social worker,Whiteburgh,71700,40
Carol Carter,001-239-251-6752x4115,Animal technologist,Sonyamouth,29927,94
John Sullivan,(924)810-4187,Contracting civil engineer,South Cindymouth,37828,74
Jesse Diaz,7719154084,"Engineer, agricultural",Scotthaven,73858,88
Calvin Murray,753.505.4437x48571,Airline pilot,South Rodney,16138,95
Judy Campbell,+1-400-745-1115x88663,"Development worker, international aid",Anthonyborough,84535,4
Julie Wilkinson,530.290.1787,Dispensing optician,Dennisfurt,13991,34
Charles Carter,+1-225-655-5641,Microbiologist,North Robinfurt,65940,20
Anthony Young,872-967-2267x20295,"Psychologist, clinical",Pearsonhaven,87675,38
Nicholas Bennett,(455)656-3670x4908,Aeronautical engineer,Morganbury,42757,30
Melissa Wood,518-774-4516,"Conservator, museum/gallery",Bentonchester,40949,27
Robert Clay,344-220-1804,Mudlogger,Jenkinsbury,23223,57
Benjamin Elliott,(607)829-7464,Civil Service fast streamer,Lake Kelsey,61512,61
Michelle Jackson,(277)398-6652x12199,Theatre director,Lake Matthewton,12197,20
Lindsey Charles,805-317-7576,Call centre manager,Baileyburgh,42439,51
Martin Perez,8699869088,Banker,Lake Frances,60747,99
Eric Alvarado,(295)511-2986x357,Production manager,Stevenberg,48886,14
Michael Willis,(230)293-0249x7789,Ranger/warden,Browntown,94578,30
Diana Hardy,(966)675-2129x30531,Physiological scientist,Summersmouth,76590,31
Dwayne Gonzalez,389.800.7242x87495,"Teacher, secondary school",Foxview,63528,70
Audrey Curtis,+1-774-341-9471x57984,Set designer,Charlesberg,69698,98
Chelsea Clements,001-219-909-7505x63750,"Therapist, drama",North Deborahberg,83372,95
Jasmine Wolfe,741.500.3126x4705,"Engineer, control and instrumentation",Holtland,88839,86
Johnny Hughes,868.657.4120x0019,Social worker,Timothytown,42115,89
Mark Gregory,(649)961-2874,"Accountant, chartered certified",Port Jean,60828,64
Diana Sellers,(489)967-8370x9896,Risk manager,Christopherfort,44999,4
Rachel Smith,7616488352,Mechanical engineer,Josephton,53598,98
Kyle Wells,+1-646-313-1946x2804,Water engineer,Williamsland,44071,33
Michael Bryant,+1-702-490-1396x40547,Accommodation manager,South Andreaside,41013,56
John Harvey,(809)895-0265,Armed forces operational officer,North Michael,61850,49
Robert Brown,+1-255-600-3376x24337,Public librarian,Petersenview,29442,59
Christopher Cobb,850-830-4266x0392,Licensed conveyancer,Mikeside,56686,55
Kaitlin Watkins,+1-559-924-1836,"Accountant, chartered management",Lake Lori,22318,98
Jordan Sullivan,607-707-8004,Marine scientist,North Thomas,52200,97
Edward Hudson,3792445146,Immunologist,Gloverfort,92280,92
Terry Lewis,7768917830,Drilling engineer,Combsview,75924,30
Cindy Owen,501.446.5811,Patent attorney,Rodneyhaven,65033,65
Paul Hahn,883-868-9101x5283,Aeronautical engineer,Port Elijahport,86315,69
Douglas Harris,535.520.7561x09912,Advertising account executive,Barrymouth,29717,7
Angela Mason,+1-674-494-1559x60370,General practice doctor,Lake Reneeville,23634,16
Johnny Craig,+1-437-944-1070x03319,Forest/woodland manager,Hartburgh,54292,85
John Burns,(840)266-0823,Garment/textile technologist,Tammiemouth,48974,1
Erik Taylor,001-377-866-9404x85113,"Loss adjuster, chartered",Ryanport,61432,57
Sally Mcconnell,(793)435-7379,Field seismologist,Brookemouth,52271,53
William Garcia,655.409.5560x614,Youth worker,Jasonmouth,70481,42
Kimberly Wright,755.865.0147,Actuary,Port Sarahmouth,81974,55
Dawn Phillips,(969)889-6108x8252,Dispensing optician,Grahamport,76891,79
Cynthia Bonilla,001-477-397-7111x20242,Counselling psychologist,Brendaberg,80387,53
Melissa Reese,581.855.1051,Hospital doctor,Lake Lauren,11773,33
George Campos,481-806-8764,Graphic designer,New Elizabethborough,54249,2
Joseph Meyer,001-447-658-6562,Public house manager,Hayleyport,49597,50
Christina Lawrence,327-864-1415,Database administrator,West Nicholasfort,75494,71
Ashley Martin,748.694.4841,Neurosurgeon,Rogersshire,29258,27
Dean Fields,001-788-663-2379x7216,Clinical research associate,West Pamela,48814,14
Debra Flores,824.646.7291,Copy,Jessicabury,77782,84
Lisa King,001-678-644-3302x564,Architectural technologist,East Angelicaton,65917,69
Melissa Jackson,001-844-763-8129x4489,Civil Service fast streamer,North Michael,75506,8
Dalton Morris,001-401-259-6949,Land/geomatics surveyor,South Linda,22915,40
Ernest Thomas,001-800-296-8768x619,Press sub,New Jamesshire,74152,36
Natalie Cook,(440)951-7195,Horticultural consultant,Port Kennethville,67734,98
Miss Jamie Jacobs,7243705034,Retail banker,Georgetown,23671,51
Kristy Garrett,001-814-674-5587x9192,Clothing/textile technologist,Michelleport,59391,62
Barbara Cardenas,527-795-4419x329,Geographical information systems officer,South Matthew,70422,81
Veronica Miranda,814.201.4110,Travel agency manager,Ochoaview,19582,27
Dana Hansen,8642858971,Financial risk analyst,Zhangton,11863,65
Carlos Burnett,001-439-920-6901x114,Patent examiner,Lake David,39903,80
Cody Lopez,949.995.8920x9205,Maintenance engineer,New Mark,52486,59
Martin Hanson,541-947-7947x858,Airline pilot,East Martinton,90968,3
Allison Tate,907.985.0700,Professor Emeritus,Batesfort,33132,28
Jasmine Olsen,9219995482,Make,Larabury,56083,39
Steven Russell,+1-657-580-9466,"Loss adjuster, chartered",Port Rebeccashire,34025,64
Matthew Guzman,9082334729,"Editor, magazine features",East Julie,77628,84
Daniel Robles,(605)227-1484x882,Investment analyst,West Keithport,75991,7
Leslie Green,+1-697-617-5989x47119,Gaffer,Bellhaven,63616,19
Kevin Gomez,462.580.7350,Writer,East Anthony,66673,64
Alicia Sanders,(868)390-1747x9355,"Horticulturist, commercial",Lucasshire,18052,54
Catherine Savage,244.892.2270x069,Games developer,Wheelerchester,32369,96
Julia Mcdowell,747-293-4730x1848,Fast food restaurant manager,New Danieltown,75152,59
Travis West,217.703.3968x91077,Insurance underwriter,New Mackenzieburgh,44469,60
Jonathan Smith,873.896.0083x3442,Heritage manager,Port Williamstad,92399,8
Vanessa Howard,935.911.3464x45617,"Engineer, petroleum",Martinezshire,87476,37
Bruce Howard,(717)801-3595x948,Building services engineer,South Matthewhaven,84813,66
Garrett Robinson,642.468.6029x9019,Theatre stage manager,West Charles,52812,67
Damon Turner,904-392-5096x4826,Warehouse manager,New Kelly,80918,48
Derrick Levine,+1-855-724-2562x9928,"Scientist, marine",East Christinamouth,11154,97
Brittany Martinez,(375)496-3114x1891,IT technical support officer,Suttonburgh,21009,61
Christine Tran,8158066878,Banker,Lake Leroytown,30044,53
Tamara Holmes,+1-939-404-3163x431,Armed forces training and education officer,Forbesland,12408,49
Joseph Smith,886-654-3943,Metallurgist,Port Andrew,80469,31
Rebecca Humphrey,713.649.8764x66321,Television camera operator,Friedmanmouth,93718,18
Cheryl Parks,523.242.9957x445,"Engineer, manufacturing",New Deanborough,94412,24
Mary Cordova,548.661.5548x4866,Regulatory affairs officer,Port Nicholas,84792,26
Jennifer Knapp,611.668.1795x59600,Make,Martinezview,98189,63
Jacqueline Michael,910-451-0344,Minerals surveyor,Michelleport,85584,87
Rachel White,995-977-1834x08767,Interior and spatial designer,Wilkersontown,17189,32
Brian Schultz,001-245-453-0893x83457,Catering manager,New Michael,27128,64
Kimberly Simpson,(821)639-7114x35273,Personal assistant,Ruthfort,32008,4
Samantha Edwards,435.801.0476,"Engineer, technical sales",West Tony,13585,98
Timothy Morgan,(670)381-6236,"Surveyor, planning and development",Nelsonberg,11835,1
Penny Washington,+1-963-237-7194x23181,"Engineer, structural",East Jennifer,65549,30
Christopher Gilbert,769.798.7720x8334,Hydrologist,Patelshire,81203,72
Jerry Hebert,748.582.2437x394,Financial risk analyst,Julieberg,16897,23
Whitney Miller,+1-863-853-7933x2029,Sports administrator,Port Veronica,44506,93
Frank Wheeler,001-691-965-1515,Fast food restaurant manager,Lake Joshuafort,65176,98
Dominique Kirby,9705715471,Warehouse manager,Deniseport,64981,95
Matthew White,425-250-0662x241,"Engineer, aeronautical",Thompsonmouth,24151,42
Kevin Harmon,(354)709-9421x69371,Associate Professor,West Thomas,97905,2
Julie Griffin,+1-977-627-4783,Medical sales representative,Lake Brian,39740,71
Victoria Ross,001-246-314-7840x36604,Public relations account executive,Ricebury,42573,65
Scott Moore,919.271.4014x767,"Programmer, applications",Underwoodbury,87657,94
Mallory Smith,001-690-859-8350x8935,General practice doctor,Rebeccaville,90990,63
David Tran Jr.,6472515415,Wellsite geologist,Jodyton,68707,16
Kimberly Wood,001-922-665-9449x81536,Legal executive,Michaelfurt,40768,77
Anthony Gonzales,(435)309-5384x775,Fitness centre manager,Anthonyland,80090,32
Sandra James,2217551109,"Scientist, research (maths)",East Jadeside,57002,80
Douglas Smith,+1-251-478-6889x259,Theatre manager,Moniqueburgh,60211,6
George Burke,001-283-249-4206x363,Forensic psychologist,North Maryberg,90768,26
Debbie Sanchez,632-318-2156x763,"Teacher, secondary school",New Christina,53256,73
Vanessa Johnston,(785)517-8202x57917,"Accountant, chartered management",South Beverly,41062,9
Andrew Peterson,001-681-522-9787x42120,"Designer, industrial/product",Garciaborough,25969,6
Jason Davis,917-349-0728,"Scientist, physiological",Port Jesse,71683,81
Spencer Hall,+1-551-646-0656x75964,Health promotion specialist,Friedmanshire,66830,84
Mary Lewis,001-212-917-3141x809,Restaurant manager,Lake Charles,69893,42
Jennifer Roberts,936.704.2686x933,Training and development officer,North Robert,61041,50
Melissa Chambers,(447)854-8875x40731,Camera operator,Bakerborough,62954,57
Maria Singh,858-603-5014,"Therapist, drama",North Emily,78353,30
Mary Ramsey,661.871.2397,"Journalist, magazine",Allisonshire,84560,16
Michael Brandt,+1-972-321-8598x984,Field seismologist,Hillstad,11500,23
Elizabeth Robles,+1-232-469-3920x8597,Stage manager,Marcusburgh,43813,20
Charles Richard,410.649.4952x868,Bookseller,Doughertybury,72345,45
Michael Rice,001-266-799-5618,Nutritional therapist,East David,56313,6
Angela Acevedo,885-275-7580,Communications engineer,South Elizabeth,58282,52
Shelby Owen,253-928-7721,Exhibition designer,North Mark,44231,66
Stuart Beasley,001-535-989-3596,Oceanographer,Tracyport,58444,52
Christine Salinas,(715)495-3132x9135,Tour manager,Hansonberg,60895,97
Sharon James,479.914.3260x224,"Conservation officer, nature",North Sharon,31176,70
William Morales,001-274-908-3350x111,"Geologist, wellsite",Gouldville,55519,43
Alexandra Davis,001-505-862-0414x61960,"Engineer, control and instrumentation",Robertsonfurt,94074,82
Kelly Rodriguez,570.548.1587,Patent attorney,Jonesshire,68302,35
Richard Lee,+1-228-327-3353,Computer games developer,Lake Noahshire,59897,15
Carrie Owen,(342)235-9316x758,Manufacturing systems engineer,East Alec,56601,98
Luis Stewart,408.778.8359,Glass blower/designer,Coreytown,59048,21
Anna Huff,273-460-6154,"Administrator, local government",Lake Nataliefort,10060,22
Rebecca Jimenez,(327)814-2446,"Scientist, product/process development",Lake Thomaston,97852,16
Carolyn Johnson,(410)311-7788x1330,Marine scientist,New Susanport,57611,16
John Sanders,+1-545-310-1689x712,Chief Financial Officer,Lake Anitaville,28034,100
John Thompson,(526)360-9863x2773,Technical author,Lake Richard,49850,29
James Ward,976.873.6382,Public librarian,North Amandaside,80675,83
Scott Harris,(814)256-1017x2357,"Engineer, manufacturing",New Jenniferton,89931,87
Jessica Scott,+1-465-373-6576x750,Arts administrator,New Mark,50051,23
