name,location,role,salary,manager_id
Mary Stark,Schultzstad,Information officer,77047,19
Michael Bowers,South Richard,"Engineer, electrical",58214,50
Ms. Lisa Walters,South Carlos,Equities trader,95506,71
Robert Jackson,New Denisemouth,Oncologist,91789,90
Linda Hunt,Anthonyhaven,"Teacher, early years/pre",80848,91
Mr. Benjamin West,Tinastad,Chartered accountant,94941,76
Carmen Cox,Vaughnborough,Chartered loss adjuster,93894,68
Anne Jackson,Kylehaven,Purchasing manager,89765,97
Micheal Osborne,East Zacharybury,Geochemist,17630,24
Kimberly Daniel,New Kimberly,"Physicist, medical",41326,89
Taylor Smith,North Daniellehaven,Horticultural consultant,27389,79
Vanessa Atkins,Moorefurt,Plant breeder/geneticist,31349,67
Brittany Mcdonald,North Reginaldside,Publishing copy,99597,55
James Nielsen Jr.,North Katie,"Engineer, petroleum",70804,64
Brian Bond,Lake Jessica,Magazine features editor,49854,74
Eric Powers,Lake Gregoryview,"Teacher, special educational needs",23978,1
Richard Dixon,Lake Sharon,Water quality scientist,29289,82
Michelle Murphy,Jonesborough,Museum/gallery exhibitions officer,61325,80
Austin Frank,East David,Theatre director,98535,22
Brent Dominguez,Diazview,"Conservator, museum/gallery",65844,18
Diana Bell,North Karina,"Merchandiser, retail",42143,46
Brent Turner,Sanchezborough,Fast food restaurant manager,57160,5
Javier Clark,Tinamouth,Soil scientist,97843,28
Timothy Smith,Port Derekfort,Architectural technologist,77189,58
Kayla Foley,Jeremychester,"Engineer, water",36388,51
Rebecca Clay,Saraland,Community arts worker,72175,55
Cory Burns,East Timothy,Tour manager,57951,75
Danny Williamson,Lake Kimberlymouth,"Psychotherapist, child",70294,72
Isaac Miller,West Johnnyfort,"Engineer, manufacturing",32356,41
Thomas Black,South Davidburgh,Herbalist,25683,55
Mark Roman,Dorseyfurt,Wellsite geologist,46518,90
Mark White,Whiteside,Newspaper journalist,45251,26
Robert Byrd,Kathleenmouth,Dentist,36789,27
Steven Lawrence,Greenstad,"Merchandiser, retail",98551,60
Kathryn Cooper,Douglasside,Conference centre manager,21986,8
Jessica Richardson,Floresfurt,Armed forces technical officer,17061,14
Jacob Gutierrez,Williamside,Production engineer,18401,71
Christopher Bradley,Robinmouth,Artist,28604,30
Anna Jones,Danielview,Retail manager,73370,22
Jose Richards,East Ronaldland,Comptroller,90493,54
Charles Nelson,South Rebeccaville,Tree surgeon,25098,8
Isaac Booth,East Cheryl,Public affairs consultant,77955,30
Kevin Cox,South Joe,Broadcast presenter,42551,41
Jose Murray,North Dannyburgh,Trading standards officer,65239,57
Mallory Jones MD,South Gregoryton,Quality manager,82963,19
Tammie Mccarthy,West Samuel,Data scientist,85794,19
Valerie Roberts,South Kelly,Production engineer,36523,87
Daniel Johnson,South Seth,Travel agency manager,58078,10
Shannon Wilson,Port Ashleyland,"Presenter, broadcasting",13504,39
Amy Jensen,East Victor,Public affairs consultant,93681,15
Edward Hampton,East Crystalchester,"Horticulturist, amenity",20820,17
Amy Reyes,Thomasmouth,Administrator,69012,80
Keith Bates,Lake Karen,Legal executive,66034,96
Daniel Pierce,Lake Benjamin,Landscape architect,33764,32
Gregory Lewis,New Jacqueline,Set designer,25938,40
Laura Morris,Carolmouth,Architect,62721,53
Dr. David West DVM,Cookville,"Designer, interior/spatial",30047,85
Joseph Burns,Ericville,Charity fundraiser,36153,59
Allen Brooks,Jefferyshire,"Editor, commissioning",30060,97
Joseph Donaldson,Port Nancystad,Nutritional therapist,68326,73
Joseph Kirk,Martinmouth,Occupational psychologist,21930,50
Henry Warren,Smithshire,Print production planner,55824,65
Tyler Erickson,Lake Philliptown,Structural engineer,17248,9
Linda Morrison,Port Elijahberg,"Editor, magazine features",74850,2
Michelle Burke,Samanthaport,Equality and diversity officer,72132,5
Kevin Randall,Alexfort,Armed forces logistics/support/administrative officer,46866,3
Samuel Whitaker,East Anthony,Sports administrator,73030,83
Melissa White,East Teresa,Art gallery manager,17642,50
Beverly Graves,Adamborough,"Designer, ceramics/pottery",28024,25
Laura Stevenson,Pageborough,Copy,51930,15
Martin Martin,West Scottmouth,Publishing copy,49151,90
Debra Armstrong,North Patricia,"Designer, television/film set",81455,50
Rhonda Lee,North Cynthiaborough,"Teacher, primary school",91257,4
Gordon Rodriguez,Rachelview,Publishing copy,45489,27
James Young,North Michaelchester,Air broker,15183,58
Adam Bond,North Michaelton,Airline pilot,48684,2
David Armstrong,East Elizabeth,Management consultant,42359,29
Shawn Matthews,West Melissachester,Claims inspector/assessor,79002,14
Joseph Lawrence,North Elizabethmouth,Osteopath,86425,65
Michael Dunn,Lake Erika,"Presenter, broadcasting",47272,52
Lisa Anthony,East Aliciaside,"Presenter, broadcasting",74107,31
Randy Soto,North Nathanielburgh,Event organiser,37078,13
Mark Lopez DDS,Lake Andreatown,Theme park manager,49608,97
Crystal Casey,Ramirezborough,Audiological scientist,10490,99
Sarah Jones,New Justin,"Copywriter, advertising",91141,80
Edward Glover,Marcview,Senior tax professional/tax inspector,96654,82
Connie Steele,West Donnamouth,Dancer,82103,6
Laura Davis,Farrellton,Energy manager,54591,83
Nathan Reed,Vegaview,"Geologist, engineering",21662,12
Lori Bridges,West Sandra,Management consultant,41056,18
Jesus Lopez,Smithberg,Therapeutic radiographer,31897,88
Ashley Mccormick,Atkinsland,Regulatory affairs officer,82031,6
Eric Guerrero,Richardside,Equities trader,69157,33
Patty Hall,Lake Susan,Licensed conveyancer,74737,100
Michael Hess,North Michaelfurt,Sports coach,19222,43
Brandon Dickson,New Samantha,Industrial buyer,40570,34
Renee Kirk,Port Daniel,Chartered public finance accountant,84708,39
Sophia Gilbert,East Brenda,"Solicitor, Scotland",12080,14
Gregory Smith,East Brian,Landscape architect,72783,1
Barbara Peterson,New John,"Optician, dispensing",70826,33
Mrs. Tracy Richmond,Lake Anthonybury,Health and safety adviser,22158,89
Juan Carroll,South Charlesland,"Engineer, electrical",43383,14
James Greer,Port Laurahaven,TEFL teacher,11334,8
Rachel Cannon,Port Douglas,Economist,71963,85
Mrs. Megan Smith,Lake Brianmouth,Probation officer,32748,68
Scott Perez,Alexandrafurt,Oncologist,34870,23
Catherine Brown,East Dennis,Marine scientist,46929,36
Andrea Cobb,Graybury,Network engineer,68400,42
Jose Medina,West Kellyburgh,"Engineer, broadcasting (operations)",28662,82
Sara Molina,Arroyotown,Photographer,44742,77
Mary Levine,East Ryanchester,"Sales professional, IT",21379,71
Matthew Martinez,Johnhaven,Agricultural engineer,33893,7
David Turner,Port Tammy,Building services engineer,48309,6
Lawrence Williams,South Janetville,Psychotherapist,55366,12
Robert Ramos,Rogersport,Product manager,26979,93
Tyler Garcia,South Amandachester,"Scientist, physiological",79445,15
Ryan Gamble,Mayberg,Dispensing optician,85975,74
Jason Wilson,Lake Kevin,Event organiser,61047,22
Bradley Ramos,South Robert,"Engineer, agricultural",21492,31
Tonya Cruz,Williamston,Herbalist,67464,80
Jessica Price,Lake Cathyview,Computer games developer,16265,84
Maria Gonzalez,Longfurt,"Pilot, airline",12409,9
Courtney Contreras,Michelemouth,Passenger transport manager,85596,32
Keith Mosley,East Natashahaven,"Designer, ceramics/pottery",51686,57
Michael Bass,Christineton,Scientific laboratory technician,22496,24
Sara Bennett,West Lindaside,"Therapist, nutritional",27077,39
Joanne Hill,Angelatown,Chief Financial Officer,40557,11
Christina Scott,East Michael,Ergonomist,17703,9
Maxwell Salazar,East Jefferytown,"Surveyor, quantity",32242,55
Andrea Glover,Lake Jeffrey,"Designer, textile",72947,42
Sarah Wyatt,Whitetown,"Scientist, research (maths)",57961,32
Cameron Lindsey,South Angela,"Solicitor, Scotland",60221,30
Ricardo Hall,Lindafort,Industrial buyer,34886,73
Jonathan Vaughn,New Darryl,Immunologist,64903,39
Dana Fletcher,New Amberville,Intelligence analyst,54150,61
Adam Church,Singletonville,Information systems manager,67236,62
Marie Castillo,Williamview,Theatre manager,55065,38
Kelly Scott,Smithhaven,Tourist information centre manager,22384,82
Stephanie Singh,Ericville,Site engineer,72473,62
Eric Mcintyre,Annahaven,Maintenance engineer,83041,53
Brandon Thomas,Port Allisonchester,Stage manager,72050,14
Natalie Ibarra,Tammyton,Clinical psychologist,31176,30
Terry Brady,New Jonathan,Passenger transport manager,75125,67
Crystal Ball,Anitaburgh,"Scientist, research (physical sciences)",15530,32
Nicole Burke,Morrowchester,Water quality scientist,19921,78
Tammy Vasquez,Stephanieside,Media buyer,15113,29
Sean Manning,Port Shaneside,TEFL teacher,26429,96
Mr. Mark Moore IV,Cordovaport,Estate agent,37677,99
Mark Cline,Curryfurt,Teaching laboratory technician,99210,24
Joshua Clark,North Valerie,Accommodation manager,17820,74
Debra Ellis,Rossstad,Further education lecturer,15857,65
David Lee,Thompsonhaven,Nutritional therapist,26265,95
Rebecca Whitehead,Lake Carrie,Chiropodist,46543,1
Brittney Martin,Kimberlyview,Logistics and distribution manager,18262,56
Jennifer Johnson,Port Laurashire,Purchasing manager,48489,3
Karen Mccarthy,South Chelsea,"Psychotherapist, child",87143,50
Carolyn Jenkins,South Frederick,Facilities manager,17464,59
Jacqueline Hill,Woodsville,Television floor manager,57210,85
Seth Kennedy,East Lindatown,Chemical engineer,50714,62
Aaron Richards,North Jennifer,Clinical embryologist,52960,21
Christopher Evans,Cheyenneburgh,Tree surgeon,34085,33
Melissa Daugherty,South Elizabeth,Broadcast journalist,92933,68
Tanya Phillips,North Tyler,Community pharmacist,10984,72
Christina Schroeder,Lake Roberto,Armed forces logistics/support/administrative officer,22305,51
William Valentine,West Sarahside,Lawyer,48059,61
Sally Rhodes,West Tinaville,Merchant navy officer,47872,92
Omar Rivera,Richmondchester,"Engineer, materials",97042,93
David Johnson,North Codyborough,Museum/gallery curator,99820,68
Garrett Lee,West Melissa,Broadcast journalist,58361,97
Susan Wallace,Jamieburgh,"Lecturer, further education",38269,64
Emily Murray,Port Kari,"Engineer, broadcasting (operations)",46332,57
Zachary Wallace,Duncanhaven,Facilities manager,48125,44
William Taylor,Palmerborough,"Lecturer, further education",48218,70
Melissa Ruiz,Angelachester,Theatre director,41638,67
Sabrina West,North Michael,"Nurse, adult",96064,52
Jordan Zimmerman,South Jacquelinebury,"Sales professional, IT",17567,30
Kimberly Kerr,West Tammyview,Sports therapist,40765,35
Danielle Lawrence,Yoderside,"Nurse, children's",35076,57
Nancy Gutierrez,West Tannerport,Trade union research officer,72143,4
Joshua Turner,South Matthew,"Development worker, international aid",22542,80
Julie Elliott,North Deanshire,"Surveyor, land/geomatics",37998,77
Patrick Wright,East Sarahborough,Social researcher,64228,91
Gary Morrison,East Jacobburgh,Administrator,37589,68
Shannon Parsons,Lake Andrewstad,"Editor, film/video",85759,15
Thomas Miller,Wallerport,Agricultural engineer,13867,21
Cameron Morris,Port Karen,Bookseller,16354,27
Jacob Bell,New Bryanton,Medical technical officer,11542,57
John Fields,North Travisberg,Risk analyst,75101,79
Angela Walker,Port Adam,Merchant navy officer,22951,85
Christine White,Johnfort,Barrister,12194,32
Heather Ewing,Garciastad,"Geneticist, molecular",88618,29
Jamie Garza,Laurietown,"Scientist, physiological",82793,19
Christopher Taylor,West Donaldhaven,"Designer, ceramics/pottery",42932,57
Joanna Johnson,Joshualand,Academic librarian,47758,64
Pamela Reed,Jessicahaven,Event organiser,39705,22
Brian Huff,Jerryshire,Insurance underwriter,12668,13
Richard Taylor,Rogerville,"Psychologist, prison and probation services",36912,36
Kevin Hughes,Susanborough,Newspaper journalist,50617,57
Jacob Stone,Lake Brianmouth,"Scientist, water quality",39098,97
Courtney Davis,Johnstonview,Sports therapist,59531,97
Joshua Nguyen,Ericahaven,Health and safety inspector,56107,45
Jessica Estes,Davishaven,Museum education officer,78981,63
Christopher Long,North Sara,"Scientist, research (life sciences)",44929,62
Tracey Diaz,Lake Leeside,Financial adviser,44672,2
Nicole Burgess,West Jamesshire,Museum/gallery curator,87662,53
Teresa Wagner,New Taylorhaven,Optometrist,77497,97
Steven Case,Bernardfort,"Psychologist, educational",83089,58
James Powell,Port Davidfort,Research scientist (medical),97453,14
Jose Gonzalez,Wendychester,Psychiatric nurse,73151,91
Leah Zhang,South Nicoleshire,Purchasing manager,80836,30
Kimberly Richardson,Ashleyshire,"Teacher, English as a foreign language",62868,74
Carl Harris,East Jenniferton,Geophysicist/field seismologist,62985,51
Amber Grimes,Brittanyburgh,Quality manager,10759,81
Justin Morris,Williamchester,Site engineer,87349,23
John Stone,Guzmanside,"Engineer, agricultural",62710,66
Tabitha Dawson,South Jessicachester,Podiatrist,50371,5
Connor Mccarthy,New Allisonbury,Event organiser,21306,45
Kristin Lutz,West Robinstad,"Designer, television/film set",92556,93
Marcus Watts,Port Ashleeview,Ceramics designer,16921,97
Mary Ross,Lake Linda,Geographical information systems officer,70749,89
Blake Nichols,Matthewview,Senior tax professional/tax inspector,26523,90
Darren Gonzales,Zacharyshire,Learning mentor,44202,29
Jeffrey Smith,East Jennybury,"Designer, fashion/clothing",72444,67
Ashley Sanders,East Kevin,Secretary/administrator,36461,38
Matthew Baker,Sarahton,Trade mark attorney,13970,46
Shawna Gentry,South Steven,Tourist information centre manager,70316,70
Donna Johnson,Davidmouth,"Engineer, structural",87869,100
Elizabeth Esparza,South Lisa,"Journalist, newspaper",19104,4
Eric Bishop,West Karen,Proofreader,59033,43
Courtney Khan,South Victoriaton,Chief Financial Officer,36646,93
Jeremiah Rich,North Susanport,"Administrator, arts",40076,36
Tracy Hardy DDS,Yolandafurt,Learning disability nurse,27462,69
Brittany Hester,Grahamhaven,Ergonomist,78171,55
Joseph Frey,Michaelborough,"Therapist, nutritional",98211,40
Cameron Cooper,Port Christineshire,Translator,57236,88
Todd Weeks,Lake Charlotte,Data processing manager,92807,30
Matthew Turner,South Stephanie,Psychiatric nurse,63105,67
Kellie George,New Josephfort,Waste management officer,81251,56
Ronald Fisher,Juliestad,Theatre director,75586,3
Lori Dean,Kevinfort,Veterinary surgeon,91544,78
Matthew Davis,Weisschester,Chartered public finance accountant,43651,78
Anthony Bender,Davisside,"Scientist, water quality",52046,44
Sharon Roberts,Georgeberg,Sports development officer,34086,67
Dennis Reed,Medinaport,Armed forces logistics/support/administrative officer,59980,95
Patricia Holland,East Lisa,"Embryologist, clinical",54802,81
John Davies,North Frank,Dispensing optician,96131,89
John Patterson,Tracyport,Historic buildings inspector/conservation officer,84099,72
Randy Williams,Samanthaborough,Recruitment consultant,17362,11
Alexandra Patterson,Lake Erin,Data processing manager,97890,5
Danny Mccoy,Port Jessica,Mining engineer,76263,73
Brooke Reynolds,Brooksfort,Ranger/warden,26243,43
Jonathan Collins,South Jamieton,"Programmer, applications",64725,91
Shawn Jackson,Tamiland,Arboriculturist,41008,1
Justin Dillon,Brandiberg,Historic buildings inspector/conservation officer,92895,83
Katelyn Davis,Carrport,"Engineer, civil (consulting)",27193,59
Kevin Wilson,New Tony,"Administrator, education",35719,31
Wendy Lucas,South Jenniferside,"Surveyor, mining",98650,45
Angel Edwards,Whitehaven,Product designer,26015,12
Paul Davila,Lake Tarafurt,Barrister,91059,64
Angie Davis,West Jennifer,Animator,22617,45
William Bradley,Mikeville,Race relations officer,26727,90
Steven Miller,Espinozaville,Research scientist (physical sciences),43553,44
Kristine Howell,Port John,"Embryologist, clinical",95019,67
Mrs. Sherri Garza,Mollystad,"Education officer, community",59048,27
Heather Hernandez,North James,Advertising account planner,12016,95
Mark Wilcox,Huntport,Information systems manager,62709,25
Rebecca Walton,Barbarashire,Medical illustrator,24295,59
Paul Andrews,Leonardborough,Claims inspector/assessor,60365,54
Mrs. Alicia Gonzalez PhD,Jenniferport,Holiday representative,33364,99
Deborah Prince,East Kevin,Waste management officer,36534,20
Kevin Ayers,Martinborough,Physiotherapist,52270,40
Barbara Ochoa,West Denise,Clinical biochemist,12343,2
Brandon Hall,Thomasfurt,Historic buildings inspector/conservation officer,48441,19
Amanda Wood,Port Daisy,"Merchandiser, retail",23790,69
Julie Brady,North Kelseyville,"Engineer, manufacturing",71891,87
Jennifer Warner,East Joshuaville,"Horticulturist, commercial",90723,39
Alicia Mcguire DVM,Greenmouth,"Biochemist, clinical",58307,59
Charles Gregory,Lake Joeborough,Comptroller,73668,40
Christopher Logan,North Evan,Marine scientist,18820,70
James Vasquez,Lake Diana,"Engineer, energy",89847,42
Christina Thompson,North Steven,"Exhibitions officer, museum/gallery",49581,67
Rebekah Ray,North Brianchester,Trade mark attorney,90397,47
Diana Douglas,New Brandonport,Insurance account manager,52920,82
Erica Decker,South Frankshire,Pensions consultant,50324,12
Brian Marshall,Phillipsland,Diplomatic Services operational officer,33979,83
Tanya Moore,West Josehaven,Cabin crew,82107,34
Shannon Gallagher,New Claudia,Curator,28048,76
Robert Jones,Lake Nicole,"Accountant, chartered public finance",25972,82
David Henderson,North Clintonview,Electronics engineer,68519,52
Jamie Collins,Johnmouth,"Conservation officer, historic buildings",58634,34
Tristan Lynch,Markbury,"Optician, dispensing",54736,98
Tina Hopkins,Port Kimberlybury,Emergency planning/management officer,50554,1
Christine Ortiz,Meganville,"Psychologist, forensic",64871,50
Keith Potts,Patriciaborough,Research scientist (medical),64181,26
Mark Smith,West Alexandramouth,Actor,12285,9
Laurie Yates,Port Johnville,Writer,92349,27
Joshua Lowe,New Ronaldborough,Freight forwarder,21699,48
Bryan Mann,Bauerside,"Psychologist, sport and exercise",98022,82
Hunter Estrada,Jamieland,Product designer,92276,30
Stanley Henderson,East Shelly,Landscape architect,47596,61
Christopher Hall,East Brettland,Learning mentor,56263,61
Charles Waller,Robertston,Sports coach,30884,88
Ethan Dean,South John,"Engineer, civil (consulting)",44479,80
Brian Moreno,Royfort,Geographical information systems officer,78382,49
Ryan Bean,South Karlaburgh,Occupational therapist,16625,2
Mark Blackburn,North Kimberly,Television/film/video producer,19689,40
Brian Hayes,Lake Erin,Gaffer,55405,88
Dustin Martin,Lake Heather,Podiatrist,37521,34
Sabrina Wood,North Kellyfort,Furniture conservator/restorer,75892,44
Juan Bender,Wallaceshire,Accommodation manager,20121,79
Kimberly Hays,West Roy,"Accountant, chartered",74350,19
Samantha Hall,Port Alan,Waste management officer,29280,66
Jorge Duncan,Lake Caleb,Armed forces operational officer,70553,90
Jon Wong,Garcialand,"Engineer, drilling",34112,90
Samantha Pierce,Parkerfort,"Conservation officer, historic buildings",33990,80
Deborah Brown,Johnmouth,"Engineer, building services",25357,67
Ryan Gonzalez,Port Derek,Adult guidance worker,87105,42
Matthew Hayes,Lake Christinaland,Dancer,35685,87
Deborah Ramos,Phillipshaven,Games developer,13143,35
Samantha Carlson,Tammyview,"Engineer, land",22935,20
Douglas Hill,Josephbury,Scientific laboratory technician,69802,5
Lisa Tucker,South Nathanview,Chief of Staff,96541,64
Gail Mosley,Robertshire,Retail buyer,48108,52
Stephanie Steele,Adamsborough,Prison officer,38017,82
Jacqueline Miller,East Haileymouth,Emergency planning/management officer,32851,33
Thomas Parsons,New Stephen,Recruitment consultant,28843,22
Melanie Gordon,Ruizton,"Radiographer, diagnostic",65557,41
Christopher Hunt,Delacruzmouth,Theatre stage manager,68583,75
Kari Davis,Madisonville,Herbalist,28243,61
Lisa Anderson,North George,"Scientist, forensic",20531,43
Danielle White,Port Jill,Environmental manager,51349,63
Samantha Hughes,Samanthamouth,Publishing copy,29483,67
Cheryl Powell,Davidstad,Teaching laboratory technician,97416,47
Nancy Kelly,West Juan,Corporate investment banker,54642,62
Robert Johnson,Hunterberg,Clinical research associate,54563,78
Mary Todd,South Holly,Clinical biochemist,88322,81
Steve Hampton,Sellersfort,Medical laboratory scientific officer,24953,91
Nicole Palmer,Sotochester,"Nurse, adult",64805,14
Elizabeth Perez,Jasonside,Site engineer,57283,42
Daryl Gonzalez,New Brian,"Restaurant manager, fast food",40178,81
Amanda Woodward,Wilsonhaven,"Accountant, chartered management",10665,19
Ashley Villanueva,South Joseview,"Surveyor, quantity",74345,7
Angelica Vaughn,West Jose,Chiropractor,52312,38
Phillip Massey,Lake Scottport,Barrister,18008,71
Robert Garcia,Darrellburgh,"Surveyor, land/geomatics",38500,42
Christine Stone,Rogersport,"Programme researcher, broadcasting/film/video",82201,3
Monica Wagner,East Donna,Gaffer,98254,84
Dana Jenkins,Fosterland,Police officer,81177,18
Charles Smith,Figueroaborough,"Surveyor, insurance",36512,76
Dr. Albert Scott,West Kristachester,"Designer, furniture",59155,26
Austin Hudson,Meyerport,Veterinary surgeon,19812,67
Justin Williams,Port James,Tax inspector,61489,84
Margaret Jacobs,Brendamouth,Government social research officer,17909,12
Tiffany Park,Patrickmouth,Haematologist,64651,3
Sharon Figueroa,North Kayla,Pension scheme manager,92300,69
Russell West,Port Erica,Prison officer,19778,24
Cheryl Day,Randyhaven,Museum/gallery curator,11137,1
Alexander Baker,South Justinbury,Theatre director,50531,90
Malik Floyd,West Jackstad,"Engineer, biomedical",47308,87
Rebecca Leonard,Lake Veronicatown,Theme park manager,36333,7
Brandon Watson,Javierhaven,Information systems manager,43749,57
Steven Knight,North Michael,Facilities manager,12033,21
Connor Robinson,Tammyton,Barista,44697,42
Mrs. Bonnie Cooper,Port Crystalstad,"Psychologist, counselling",64727,58
Brittany Brown,Lukestad,Psychiatrist,60298,53
Zachary Lewis,Rosarioview,Multimedia programmer,15344,63
Charles White,West Mark,Energy engineer,42974,95
Christopher Brock,Emilyland,Marine scientist,69994,71
Jessica Lambert,South Edward,Chartered management accountant,36288,71
Rachel Miller,West Apriltown,Contracting civil engineer,67292,66
Jeffrey Griffith,Port Karen,"Pilot, airline",24904,72
Daniel Huber,Loriton,"Restaurant manager, fast food",54790,90
Michelle Fisher,New Megan,"Investment banker, operational",40815,75
Jo Wheeler,East Danielle,Hydrographic surveyor,77389,94
Jody Patel,Johnsonside,"Designer, interior/spatial",26252,88
Stephanie Willis,East David,Museum/gallery curator,44203,81
Kayla Smith,Loriside,"Engineer, communications",25506,42
Melissa Willis,South Tina,Control and instrumentation engineer,64480,73
Kirk Bailey,Port Victoria,"Scientist, water quality",50227,45
Jose Taylor,South Deborah,Hydrographic surveyor,65365,99
Madeline Fleming,West Selenaberg,Manufacturing engineer,46949,32
Kristopher Mendoza,West Kevin,Architectural technologist,97870,85
Karen Pratt,Torreston,Secondary school teacher,98711,70
Ashley Kim,Copelandchester,Volunteer coordinator,58047,6
Alyssa Villanueva,Leslieville,Licensed conveyancer,77987,5
Frances Mcintosh,Emilyborough,"Scientist, clinical (histocompatibility and immunogenetics)",56163,52
Jeffrey Scott,Lake Christopher,English as a second language teacher,74300,8
Linda Newton,Lindachester,Immunologist,34184,37
Audrey Parker,West Julie,Energy engineer,14583,22
Timothy Garcia,Lake Shaneport,Emergency planning/management officer,96022,92
Wendy Rodriguez,West Jared,"Engineer, land",29658,95
Cheryl Johnson,Lake Eric,"Surveyor, insurance",29903,11
Daniel Montes,Jerryshire,Adult guidance worker,55008,17
Marcus Lee,South Kyle,Architect,96861,54
Whitney Castro,North Sheryl,Materials engineer,49962,56
Angela Kennedy,Lake Tina,Medical technical officer,57851,22
Jennifer Lyons,South Mark,Insurance account manager,58465,97
Rachel Hopkins,Lake Allisonfurt,Haematologist,19301,23
Kimberly Higgins,South Elizabethhaven,English as a foreign language teacher,69651,20
Anna Mueller,Port Samuelstad,"Lecturer, further education",91852,59
Crystal Mullins,West Justin,Exhibition designer,44775,40
Robert Mora DDS,South Josephberg,Farm manager,59315,67
Brian Freeman,Mayland,Multimedia programmer,25878,28
Nicholas Boone,Martinezberg,Database administrator,36563,95
Nicole Wright,Anthonyberg,"Designer, multimedia",17236,91
Stephen Tanner,Port Michaelberg,"Surveyor, building",98420,72
Seth Brown,Lake David,Multimedia programmer,41932,87
Judith Williams,Lake Angela,"Nurse, mental health",99156,89
Suzanne Wright,Lake Anthonymouth,Printmaker,89180,8
Ian Garner,Clarkville,Mechanical engineer,32441,46
Lauren Zamora,Kathleenshire,Publishing copy,42956,76
Jessica Gomez,West Gregoryborough,"Doctor, hospital",68722,74
Ronald Erickson,Aguilarport,"Physicist, medical",23357,71
Justin Avery,Port Pamelaville,"Surveyor, land/geomatics",57007,96
Jimmy Camacho,Jeffreyhaven,Corporate treasurer,10617,79
Stephanie Thompson,Josephhaven,Museum/gallery conservator,53438,42
Alexander Mercado,South Andreashire,"Education officer, museum",61006,73
Brenda Smith,Stephensshire,Set designer,41547,17
Jessica Davila,New Michaelburgh,Graphic designer,76772,94
Jennifer Gibson,Manuelview,Investment analyst,13939,100
Krista Rocha,East Michaelstad,"Surveyor, commercial/residential",17723,75
Brian Grant,Thompsonhaven,Scientific laboratory technician,92896,90
Haley Thompson,Lake Dean,Museum/gallery exhibitions officer,57720,4
James Monroe,New Allenstad,Recruitment consultant,97998,99
Curtis Campos,New Beverlyville,Set designer,38147,93
Leslie Harris,Port Zachary,Prison officer,88813,2
Shawn Knight,South Jennamouth,Homeopath,17187,29
Shawn Stuart,Fergusonburgh,Product designer,53237,52
Jennifer Smith,Aprilshire,"Surveyor, quantity",73025,15
William Thomas,East Angelica,"Journalist, newspaper",56545,75
Zachary Wilson,Dennisland,Office manager,49656,52
Jennifer Lawson,Port Matthewland,Quantity surveyor,52441,64
Matthew Le,Kelseyport,Technical author,41988,1
Raymond Sullivan,Herreraberg,Museum/gallery conservator,35492,100
Rick Castillo,South Heatherland,"Nurse, adult",28958,88
Chelsea Franco,Adamborough,Best boy,44355,81
John White,Roberttown,Passenger transport manager,22676,89
Nicole Bell,Meganmouth,Trade union research officer,90260,25
Jennifer Hunter,Danielmouth,"Buyer, industrial",61263,66
Jennifer Dillon,Kellybury,"Scientist, marine",52920,14
Catherine Bates,West Michele,Printmaker,73545,24
Gloria Gentry,Port Jasonstad,Occupational hygienist,88482,35
Rebecca Foley,Marcusville,Chemical engineer,65574,69
Joseph Weaver,Brandonton,Proofreader,35579,83
Eric Miller,Jamesshire,Learning mentor,30846,83
Kevin Jimenez,New Denise,Textile designer,57748,54
Samantha Hunter,East Susan,Ambulance person,73608,27
Leslie Brown,New Johnathan,Location manager,59624,26
Maria Smith MD,West Maria,Mechanical engineer,92712,21
Brenda Brown,Michelemouth,Housing manager/officer,58548,87
Mia Bolton,Port James,"Therapist, speech and language",72787,30
Jennifer Martinez,Smithshire,Film/video editor,38602,14
Benjamin Cruz,North Steven,Psychiatric nurse,94145,44
Mr. Jerry Cruz,Flynnfurt,"Scientist, research (medical)",20322,71
Thomas Wilson,Kaitlynfurt,Volunteer coordinator,61325,80
Frank Aguirre,New Yolanda,"Chemist, analytical",46826,66
Madison Hart,Port Markberg,"Engineer, broadcasting (operations)",90464,94
Phillip Nguyen,Michelleview,"Designer, jewellery",18406,87
Jason Ayers,Lake Michaelfurt,Commercial horticulturist,79133,3
Stephen Bell,Maryport,Equities trader,53423,44
Kenneth Jackson,Richardsonside,Art gallery manager,10397,23
Kyle Swanson,Meyerbury,"Surveyor, commercial/residential",82507,86
Dan Thompson,Lake Jacobmouth,Biomedical engineer,16086,17
Carrie Mcdaniel,East John,Dealer,40213,55
Sarah Woods,Davidberg,Counselling psychologist,89485,5
Nina Williamson,Joneshaven,Trading standards officer,82742,84
Kevin Costa,North Michael,"Engineer, civil (contracting)",17547,27
Steve Silva,Port John,Contractor,62663,13
Brian Stevens,Jayborough,Hydrogeologist,36031,43
Benjamin Rush,Walkerfurt,Toxicologist,60611,46
Michael Kelley,Turnerfurt,Barista,73941,54
Edwin Franklin,North Jesse,Marine scientist,13889,60
Michelle Long,Port Johnborough,"Geologist, engineering",88003,2
Marvin Guzman,Williamsstad,Structural engineer,33608,30
Marisa Warren,Christinetown,Retail buyer,89154,32
Dylan Gamble,Kevintown,Rural practice surveyor,79624,11
Amanda Rodriguez,Port Amanda,"Engineer, maintenance",12650,11
Timothy Edwards,New Joe,Secretary/administrator,59885,47
Brian Briggs,Higginsland,Brewing technologist,72650,69
Chris Williamson,South Martinfurt,Exhibition designer,97597,77
Teresa Pace,Rodriguezhaven,"Designer, graphic",84027,69
Bryan Campbell,South Ericabury,Secretary/administrator,13440,64
Crystal Daniel,New Jessica,Data processing manager,93968,11
William Cooper,Molinaland,"Conservation officer, nature",26206,82
Andrew Matthews,East Margaretbury,Recruitment consultant,61221,50
Gary Brock,East Ronald,Social worker,23852,73
Allison Hernandez,South Alec,"Engineer, biomedical",14204,29
Marc Mccann,Veronicaburgh,Cartographer,14152,38
Michael Thomas,Rodriguezfort,"Accountant, chartered",46629,42
Jennifer Stevens,New Amandastad,Higher education careers adviser,34310,8
Megan Baker,West Nicole,"Therapist, horticultural",73992,42
Christopher Summers,East Elizabeth,"Research officer, government",12149,3
Jennifer Marquez,Ericachester,Land/geomatics surveyor,59391,94
Amber Barrett,Port Michelle,"Engineer, aeronautical",30917,73
Daniel Henderson,Ramirezchester,Sales executive,83321,11
Debra Robinson,Burnston,"Producer, radio",30083,3
Amber Nichols,Rebeccachester,Minerals surveyor,36654,78
Michael Jones,East Michael,Actuary,80749,75
Brenda Weaver,Garciamouth,Haematologist,33037,96
Courtney Lynch,Holttown,"Designer, exhibition/display",62278,45
David Graham,West Amberhaven,Environmental education officer,97448,85
Valerie Gross,Stephenfurt,Local government officer,85244,4
Stacy Gregory,Port Rachelport,Community pharmacist,44056,12
Melissa Allison,Kerrside,Transport planner,60138,90
Daniel Berger,Brittneyton,Town planner,18916,83
John Wilcox,Goldenfort,Associate Professor,29288,67
Diana Wright,South Chase,Agricultural consultant,98583,6
Jonathan Williams,Simsbury,Freight forwarder,51954,33
Christopher Johnson,Michelleborough,Research scientist (maths),14367,99
Vanessa Lawson,Patelville,Data processing manager,33272,78
Jesus Martinez,Port Stacyburgh,Location manager,96402,17
William Glover,Andrewsview,Product designer,29989,42
Yolanda Wilson,Port John,Land,58061,76
Ellen Wright,Travisville,Industrial/product designer,44584,43
Paula Rosales,Barberberg,Academic librarian,30331,80
Helen Ballard,West Timothy,"Production designer, theatre/television/film",59901,27
Justin Morrison,Lake Patricia,"Engineer, land",15074,93
Erica Gibson,South Sarahland,"Social research officer, government",90931,64
Kimberly Maxwell,South Monicahaven,Automotive engineer,52103,64
Melanie Nguyen,Lake Patriciahaven,Higher education careers adviser,89969,93
Diane Hammond,Erikport,Heritage manager,11274,86
Douglas Murphy,Jonesside,Operational investment banker,84120,55
Paul Hamilton,South Adam,Neurosurgeon,29124,65
Charles Miller,North Mollyshire,"Lecturer, higher education",58487,10
Catherine Cole,Robertbury,Press photographer,49841,89
Zachary Bell,New Lisa,Restaurant manager,65002,86
Jason Torres,Meganmouth,Food technologist,78280,95
Rebecca Jacobs,South Williamview,Community development worker,83042,87
Thomas Jones,South Angelaview,Licensed conveyancer,14000,77
Shelly Fernandez MD,New Taraborough,"Engineer, electronics",80395,11
Michael Leach,South Devinfort,Haematologist,75627,96
Laura Rose,Alanland,"Geologist, engineering",62432,36
Lance Petersen,Port Kimberly,Multimedia specialist,38415,94
Mr. Jason Owen DDS,Bowersville,Geochemist,45125,55
Diana Thompson,East Tanyabury,Wellsite geologist,99861,45
Laura Harper,South Nicole,Management consultant,29631,51
Dale Welch,Ruizview,"Engineer, structural",91181,42
Robert Stephenson,Nancyport,"Teacher, primary school",95123,46
Nicole Green,East Evelynhaven,Higher education lecturer,75094,48
Michael Garner,North Tina,"Engineer, chemical",56624,42
Mr. Christopher Kaiser,West Nicholas,"Social research officer, government",55555,74
Robert Burns,West Michael,Art gallery manager,68786,5
Jerry Walton,Garymouth,Regulatory affairs officer,73323,86
Lawrence Harvey PhD,West Anne,"Designer, fashion/clothing",47193,12
Juan Butler,Port Heather,"Therapist, art",55420,67
Lucas Taylor,Adamsland,Nutritional therapist,65353,8
Erin Martinez,Juanfort,Energy engineer,68133,25
Anna Mitchell,New David,"Accountant, chartered certified",48963,37
James Mendoza,Goodmanmouth,Commercial art gallery manager,63290,18
Michael Holt,South Shannon,"Engineer, petroleum",51658,86
James Munoz,Brendaburgh,Therapeutic radiographer,52001,67
John Clark,Crawfordbury,Trading standards officer,45693,58
Megan Jones,Lake Alexander,Chief Financial Officer,41883,32
Brittney Barber MD,South Jeffrey,Futures trader,33599,31
Dana Johnson,Lake Timothytown,"Scientist, water quality",59600,64
Susan Braun,South Nancy,Outdoor activities/education manager,31319,88
Kelly Mills,South Ronaldbury,Special educational needs teacher,72609,57
Daniel Rodriguez,Stephenmouth,Art therapist,99633,16
Gerald Cox,North Lynn,Public relations account executive,41715,81
Tyler Alvarez,North Brandon,"Administrator, local government",31870,44
Joel Harris,Brownchester,Broadcast engineer,95002,43
Dr. Eric Bell,Aaronmouth,Research scientist (maths),50048,45
Abigail Wallace,Martinezchester,Manufacturing engineer,78854,79
Vincent Mccoy Jr.,Friedmanchester,"Conservation officer, nature",41545,76
Michael Mills,New Debramouth,Financial adviser,37163,85
Donna Lee,East Allison,"Sound technician, broadcasting/film/video",44555,91
Sandra Oneill,Watsonborough,"Psychologist, sport and exercise",99149,73
Kathleen Carroll,Bethton,Multimedia programmer,83152,79
William King,New Troyborough,"Editor, film/video",96375,60
Andre Acevedo,Michaelhaven,"Engineer, petroleum",29840,2
Sarah Brown,West Curtisville,"Engineer, biomedical",72132,3
Michael Rodriguez,North Patrick,"Conservator, museum/gallery",44239,10
Karen Peterson,Port Jamesfort,"Engineer, control and instrumentation",31806,45
Justin Smith,Smithton,Heritage manager,74784,46
Stephen Wade,Wilsonland,"Scientist, research (life sciences)",55808,21
Christopher Green,North Angelachester,Futures trader,20766,90
John Duarte,North Matthew,Waste management officer,87255,16
Patrick Pratt,West Tina,Field seismologist,88594,11
Victoria Guzman,Port Joelland,Field seismologist,49159,15
Kayla Smith,West Crystal,"Doctor, general practice",60881,71
Dr. Jesse Brewer MD,South Cristian,Physiological scientist,75676,16
Heather Butler,Kevinfurt,"Surveyor, building control",75567,98
Tiffany Rodriguez,Larryton,"Engineer, energy",30324,48
Christopher Novak,Port Robin,"Surveyor, commercial/residential",70190,91
Diane Jensen,Margaretfort,Naval architect,55013,36
Veronica Ferguson,Matthewsburgh,Site engineer,94801,83
Tyler Haynes PhD,Simpsonbury,Architectural technologist,98411,89
Wayne Kemp,Johnshire,Management consultant,18287,35
Rebecca Simmons,Starkland,Tree surgeon,87280,84
John Cruz,Johnsonport,Volunteer coordinator,95916,3
Patricia Martinez,Dianemouth,Company secretary,60991,5
Reginald York,West Julie,Publishing rights manager,43413,45
Sheri Adkins,Gailland,Contracting civil engineer,22048,95
Dennis Sawyer,Lake Rebeccaside,Meteorologist,81097,47
Wyatt Welch,Rojasville,Physiological scientist,17057,14
Erin Meyer,North Jessicamouth,Dramatherapist,68847,99
David Porter Jr.,Rodriguezport,Seismic interpreter,30110,88
Kelli Dalton,South Evelyn,Armed forces technical officer,13772,42
Chad Jenkins,Evanstown,Museum/gallery exhibitions officer,67255,87
Sarah Hartman,New Madisonbury,Restaurant manager,99960,35
Erika Glenn,Kennedyfurt,Art gallery manager,16947,70
Jose Leonard,Kellyborough,Research scientist (medical),38057,60
Rachel Robinson,Brandonmouth,Higher education lecturer,29939,97
Karen Powell,West Dennis,Multimedia specialist,86806,81
Pamela Lynn,West Heidiberg,Curator,72273,12
Timothy Mcpherson,Heatherside,Learning disability nurse,60685,7
Jacob Daniels,Codyburgh,Tourism officer,59358,45
Joseph Valdez,North Richard,Academic librarian,61469,31
Larry Goodwin,West Kelliport,Arboriculturist,56953,62
John Walker,Lake Melindamouth,"Buyer, industrial",16346,83
Jacob Robinson DVM,Juliebury,Youth worker,59743,85
Patricia Dorsey,Lindsayside,Holiday representative,39240,66
Jacob James,Sarahberg,"Engineer, electrical",82443,78
Barbara Jones,Micheleport,"Engineer, electrical",42785,97
Vanessa Perez,Jasonbury,"Designer, exhibition/display",59870,84
Melissa Holland,Alvarezchester,"Surveyor, hydrographic",88167,91
Maria Kramer,East Richard,"Education officer, community",36033,53
David Howard,West Blake,Broadcast journalist,80913,27
Lisa Alvarez,East Andrea,"Engineer, automotive",30718,38
Bryce Garcia,East David,Fisheries officer,78732,8
Darius Norman,Donaldville,"Scientist, research (life sciences)",44141,50
Angela Olson,New Desiree,"Journalist, magazine",19212,35
Russell Hickman,North Nicolestad,Farm manager,74899,69
Rodney Kelly,Michealside,"Production assistant, radio",24700,29
Michelle Faulkner,New Stephen,Multimedia programmer,76528,90
Megan Pearson,South Matthewborough,"Copywriter, advertising",42082,60
William Boone,Kimberlyville,Psychotherapist,68738,5
Elijah Jones,Williammouth,"Social research officer, government",82530,94
Katherine Murphy,Johnsonshire,"Engineer, drilling",11549,7
Jaclyn Mooney,South Jessicaburgh,Barrister,20454,73
James Smith,South Christinamouth,Chemical engineer,72997,1
Jeanette Duncan,Chadfurt,"Social research officer, government",70148,11
Jose Mitchell,Patrickhaven,Media planner,87784,93
Keith Meza,Millerland,Water engineer,79933,83
Sara Carey,New Sandra,Architect,84636,32
Vernon Richardson,Burchchester,Cytogeneticist,22814,61
Richard Robinson,Nashhaven,Immunologist,27003,74
John Jones,Marytown,"Engineer, technical sales",59117,21
Ian Mcguire,South Joanneberg,Geophysical data processor,29955,27
James Lewis PhD,Cookmouth,Special educational needs teacher,93311,60
Joshua Gomez,North Erika,Careers adviser,47772,37
Roger Thomas,New Gwendolyn,Chartered loss adjuster,29314,18
Angela Lindsey,South Billy,"Restaurant manager, fast food",11755,95
Sheena Sheppard,New Ronaldfurt,Structural engineer,88854,63
Jack Johnson,Reedport,Glass blower/designer,34922,13
Maria Myers,North Veronica,Theatre manager,76419,26
Lisa Townsend,Port Thomas,Lobbyist,88228,74
David Hall,North Jennifer,Equality and diversity officer,69106,9
Mark Spence II,New Michaelfort,Actor,39360,57
Timothy Lopez,Virginiastad,Radio broadcast assistant,11898,45
Kristopher Owens,Lawsontown,Hydrogeologist,56601,34
Steven Taylor,Matthewview,Structural engineer,45367,51
Michele Johnson,Melissaburgh,Primary school teacher,24255,13
Miss Stephanie Peterson,Riveraview,"Scientist, physiological",43557,76
Melissa Walker,West Jillianside,Insurance broker,79636,63
Danny Spencer,Stevenstad,"Loss adjuster, chartered",94017,56
John Williams,Cynthiaside,"Engineer, manufacturing",48200,17
Tamara Black,Jaredport,Translator,39518,19
Samantha Flowers,Port Charleston,Geographical information systems officer,12034,21
Matthew Wood,Starkchester,IT technical support officer,39519,7
Scott Berger,Lake Jeffrey,Television camera operator,33616,22
Zachary Wallace,New Shelbystad,"Teacher, primary school",89518,20
Gail Riley,Castilloshire,Armed forces training and education officer,59517,75
Kimberly Wallace,New Jeremyland,"Administrator, sports",48370,89
Reginald Jones,Jeffreymouth,Chartered legal executive (England and Wales),59439,72
Jose Baker,New Dana,Agricultural consultant,56926,53
Stephanie Harris,East Cynthia,Fish farm manager,32226,4
Charles Martinez,Collinsbury,Environmental health practitioner,99320,82
Bradley Richardson,Port Jackfurt,"Psychologist, forensic",58043,21
Christina James,Whiteberg,Technical sales engineer,55975,5
Henry Porter,Morganville,Proofreader,92370,78
Elizabeth Williams,Adamview,Community development worker,98112,14
Vincent Garcia,Port Drewview,Recruitment consultant,85972,8
Donald Little,South James,Orthoptist,19522,20
Jared Hudson,North Charles,"Engineer, water",92205,2
Olivia Aguilar,Port Arthur,Armed forces training and education officer,31348,29
John Smith,South Mariaview,Computer games developer,42052,56
Sean Woodard,Amandaburgh,Chartered loss adjuster,31463,14
Stacy Carter,East Terrancechester,Lawyer,71687,54
Joseph Anderson DDS,East Davidstad,Set designer,57831,21
Michele White,West Amanda,"Conservator, museum/gallery",29314,51
Donna Woods,South Victoria,"Physicist, medical",25746,10
Kimberly Barrera,New Robertchester,Actor,24718,13
Andrew Gates,New Jacquelineland,Volunteer coordinator,26614,72
Jose Mack PhD,West David,Best boy,46963,17
Kiara Hudson,Wagnershire,Field trials officer,57850,38
Jesse Drake,Port Cynthiafort,Geographical information systems officer,68883,28
Ryan Schneider,Susanborough,"Social research officer, government",13156,22
Michael Payne,Coxberg,Museum/gallery conservator,24379,67
Penny Simmons,Allenview,Industrial buyer,17236,81
Denise Rivera,New Courtneyville,Careers information officer,27209,20
Lucas Reyes,Dannytown,Risk manager,55261,1
Richard Lee,Port Manuelfurt,"Producer, radio",36994,47
Karen Day,New Jasonburgh,Geophysical data processor,25050,12
Kathleen Rodriguez,Rachelmouth,Chartered management accountant,37505,53
Miss Evelyn Brown,North Rebeccashire,Multimedia programmer,36507,10
Daniel Spears,New Katie,Retail merchandiser,35125,40
Craig Sweeney,Katherinetown,Biomedical engineer,12427,25
Brittney Rodriguez,North Ryanton,"Psychologist, occupational",66628,81
Jodi Mccullough,South Kristen,Ambulance person,87463,59
Linda Gross,South Lindseyside,Radiation protection practitioner,57576,80
Anna Santiago,Michelleport,Intelligence analyst,36257,82
Jeffery Peters,Patelborough,Lobbyist,27539,28
Clinton Richard,East Alexisshire,"Therapist, art",74572,6
Phillip Hall,Lake Sierra,Quarry manager,25837,28
Lauren Rodriguez,New Vanessamouth,Artist,39349,88
Jeremiah Yoder,North Bryan,"Education officer, museum",71701,58
John Savage,Port Lindsaymouth,"Designer, television/film set",27460,13
Thomas Melton,Livingstonberg,"Education officer, environmental",92237,34
Jessica Little,Perezburgh,"Biochemist, clinical",46079,65
Robert Daugherty,West Patricia,"Accountant, chartered public finance",70887,93
Kenneth Wilson,Tracybury,Publishing copy,53525,42
Brian Koch,New Bethmouth,Television camera operator,45125,27
Martin Lee,Williamfurt,Herpetologist,29179,61
John Walker,Darrellshire,"Journalist, magazine",16540,16
Rachel Jones,West Angelaton,"Engineer, maintenance",77556,15
Patricia Watson,Erikmouth,Chemical engineer,58466,21
David Alexander,South Kelsey,Medical laboratory scientific officer,95989,92
Katrina Jones,New Thomastown,Comptroller,88792,99
Jason Davis,Wheelermouth,Interior and spatial designer,11939,19
Ricardo Howard,North Jamietown,Trade union research officer,15978,50
Kayla Lyons,Stephensonland,"Engineer, structural",49649,75
John Carr,Amyburgh,Systems analyst,10165,79
Scott Hopkins,Michaelhaven,Magazine journalist,66609,93
Jennifer Hernandez,East Franciscobury,Operations geologist,40110,87
Victoria Harris,Cherylport,Broadcast journalist,77272,80
Gary Owens,East Breanna,Production engineer,53680,16
Dean Moss,East Randyton,"Engineer, manufacturing systems",15033,62
Nancy Osborne,Gonzalezmouth,"Secretary, company",34786,60
Nicholas Williams,Lake Brandonfurt,"Surveyor, hydrographic",36116,44
Jason Anderson,Port Lucasfurt,"Development worker, community",27150,90
John Mason,Port Levi,Agricultural consultant,98331,36
Candace Lee,East Cody,Research scientist (physical sciences),38308,86
Alan Erickson,Novakview,Rural practice surveyor,57389,63
Lynn Costa MD,Loriside,Herpetologist,19475,37
David Gonzalez,New William,"Clinical scientist, histocompatibility and immunogenetics",28383,80
Julia Rivers,Port Rachaelhaven,Community development worker,60028,23
Zachary Little,Davidbury,"Conservation officer, nature",18437,79
Jennifer Robinson,Darrenbury,Higher education careers adviser,10198,63
Michael Freeman,New Lauren,Commercial/residential surveyor,58678,88
Peter Gonzalez,North Andrea,"Lighting technician, broadcasting/film/video",51324,32
Stephanie Oconnor,Josephfort,"Pilot, airline",18458,64
Kathryn Anderson,Carolynland,Field seismologist,88912,40
Jacqueline Ruiz,Victorbury,Probation officer,78395,58
Richard Cox,Markshire,Operations geologist,86896,44
Lorraine Fuentes,Port Kristen,Futures trader,86536,35
Donna Duarte,Martinezton,Production manager,33740,19
Mary Oneal,Bellton,Travel agency manager,46399,13
Rachel Kelly,Port Breanna,Podiatrist,37544,77
Abigail Thompson,Normanmouth,Animal nutritionist,12460,9
Corey Young,Glennville,"Surveyor, hydrographic",28693,10
Todd Robinson,West Alison,Video editor,66873,85
Holly Rogers,Jasonmouth,Hotel manager,62944,91
Erica Wallace,Lake Maryside,Community education officer,56145,94
Peter Townsend,New Johnberg,Exhibition designer,49946,16
Derrick Martin,New Xavierfort,Dealer,62683,9
Nancy Wheeler,Torresburgh,Patent attorney,15838,25
Daniel Jones,Hensonside,Tax inspector,93077,26
Aimee Griffin,Jesusfort,Horticultural therapist,26500,66
Christopher Porter,South Jasminemouth,Furniture conservator/restorer,23408,53
Wesley Phillips,East Arielside,"Doctor, general practice",32942,100
Carlos Giles,Waltonberg,Brewing technologist,54608,72
Monique Durham,Hintonborough,Horticultural consultant,58232,90
Daniel Calhoun,West Sheilafurt,Patent examiner,10920,79
Kelsey Glenn,Youngview,Editorial assistant,12328,81
Zachary Simon,Danielleland,"Geologist, wellsite",15226,27
Katie Summers,West Nicolemouth,Music therapist,70122,13
Julia Edwards,North Adam,"Engineer, production",49061,35
Mrs. Laurie Moore,Lynnton,Forensic psychologist,54863,97
Carolyn Andrews,West Maryfort,Orthoptist,82160,57
Ryan Brown,Lake Cherylshire,Financial controller,81707,15
Shawn Nielsen,Derektown,Risk manager,72250,92
Jennifer Jordan,Brandonville,"Research officer, trade union",84140,62
Kelsey Winters,New Michaelview,Chief Technology Officer,25913,81
Maria Brock,Port Nathanfort,Immigration officer,33257,92
David Drake,South Kennethshire,Civil Service administrator,81397,39
Heather Russo,Lake Richard,Neurosurgeon,46392,77
Arthur Mcguire,Larsonside,Trade mark attorney,80732,46
Dr. Robert Warren,Jamesburgh,Probation officer,64143,31
Craig Spence,South Toddview,"Conservation officer, historic buildings",53395,76
Scott Walker,Jonesbury,"Exhibitions officer, museum/gallery",88413,80
Logan Henderson,Jerrymouth,Dietitian,49609,34
Christina Bowman,Bryanville,"Teacher, English as a foreign language",93756,40
James Collins,South Roberttown,Museum/gallery exhibitions officer,81514,35
Tyler Cervantes,New Brenda,"Engineer, chemical",48943,44
Christopher Moore,Sharontown,Hydrographic surveyor,29887,84
Justin Holder,South Joseph,Materials engineer,80505,23
Heather Berry,Ericamouth,Chiropractor,44427,10
Brandon Skinner,Gillshire,"Research officer, trade union",51988,53
Mr. Joseph Gay,Michelletown,"Programme researcher, broadcasting/film/video",13067,12
Valerie Barnes,Lake Megan,Press photographer,26245,22
Teresa Butler,Garychester,Hydrogeologist,35620,85
Jane Avila,Brandonside,"Scientist, audiological",75766,84
Deborah Williams,West Pennymouth,Toxicologist,84806,10
Andrea Evans,Josephfurt,Photographer,33033,69
Jacqueline Gonzales,Allisonmouth,Tree surgeon,16210,57
Lori Elliott,Barneshaven,Sports coach,42981,38
Chad Henderson,South Abigailstad,Psychotherapist,85495,75
Devin Leon,New Chelseaside,Market researcher,26974,98
Robin Gomez,Jeremiahborough,Holiday representative,27919,5
Richard Reynolds,Hatfieldton,Environmental education officer,63950,35
James Warren,Richardton,"Civil engineer, contracting",22633,71
William Beard,Martinview,Office manager,29196,23
Pamela Gonzalez,Lake David,"Lighting technician, broadcasting/film/video",59394,57
Thomas Murphy,North Brian,Quality manager,98547,89
Brady Lee,Pruittmouth,Chief of Staff,14485,7
Brett Jackson,Port Joannfurt,Communications engineer,56376,32
Dennis Estrada,Port Lindamouth,Counsellor,38191,32
Samuel Shaffer,North Melissahaven,"Administrator, charities/voluntary organisations",49268,47
Tanner Rodriguez,Fergusonside,Meteorologist,74657,42
Sean Douglas,East Martin,"Designer, blown glass/stained glass",71498,32
Vanessa Moreno,Richardsview,"Education officer, community",92187,85
Natalie Wagner,West Christopherfurt,Theatre manager,30089,25
Michael Walker II,West Michelleshire,"Psychotherapist, dance movement",16270,46
Cynthia Roth,Port Jasonview,"Nurse, adult",42842,97
Ashley Long,Jessicaside,"Psychotherapist, dance movement",41938,83
Mark Campbell,West Susan,Private music teacher,27476,84
Tracy Jensen,South Timothy,Conference centre manager,15386,45
Rhonda Davis,Port Michael,Emergency planning/management officer,92735,83
Kayla Li,Kaufmanborough,Fisheries officer,27381,50
Bryan Byrd,Port Sharon,Energy manager,48074,91
Denise Smith,Omarshire,Theatre manager,14750,26
Mark Hall,North Roger,Interpreter,47724,98
Glenn Hopkins,East Stephanie,Licensed conveyancer,35589,70
Daniel Watkins,Justinstad,Planning and development surveyor,12932,73
Zachary Taylor,Johnsonhaven,Health visitor,78755,25
John Smith,Davidton,Early years teacher,50157,6
Carrie Jones,Sparksville,"Producer, television/film/video",75231,95
Molly Reilly,East Isaac,Medical illustrator,62910,68
Vanessa Cole,West Kylie,Animator,59771,32
Justin Rodriguez,New Angela,"Teacher, special educational needs",46946,35
Allen Ellis,North Jamesville,Manufacturing systems engineer,12736,23
Richard Clark,Thomasside,Clinical psychologist,65145,40
Erin Morris,South Brittany,Geographical information systems officer,15434,84
Jeffrey Morris,Laurachester,Games developer,25482,14
Megan Brock,North Louis,"Journalist, newspaper",30762,31
Kristy Mercer,New Becky,"Education officer, community",84124,87
James Roberts,Blackwellberg,Stage manager,77126,74
Ashley Robles,Harringtonfurt,Museum/gallery conservator,87070,12
Lisa Winters,Petermouth,Systems analyst,21406,3
Todd Burgess,Joshuabury,Technical sales engineer,16953,94
Katie Joseph,West Brenda,Health and safety adviser,13333,97
Shelby Willis,Tylerview,Museum/gallery curator,54546,65
Timothy Clark,North Amanda,"Engineer, civil (consulting)",23790,20
Lisa Rodriguez,West Katherineton,Theatre director,19840,8
Jeremy Johnson PhD,Josephborough,Barrister,58964,42
Jessica Sims,Jesusside,Proofreader,21840,77
John Ramos,Port Samuel,Printmaker,69023,62
Ronald Lawson,Sarahborough,"Nurse, adult",41265,42
Jessica Grant,North Adam,Clothing/textile technologist,76771,76
Stephanie Christensen,East Danielfort,Insurance claims handler,85848,5
Kathryn Lam,Shieldsstad,Materials engineer,97973,35
Christopher Weber,South David,Retail merchandiser,92621,27
Mary Freeman,New Nichole,"Scientist, water quality",26386,50
Kevin Cook,Rodrigueztown,Radio producer,60863,89
Jim Walters,Taylormouth,Clinical cytogeneticist,66356,77
Rebecca Mcpherson,Kristinview,Learning disability nurse,25237,15
Brian White,Danielsbury,Planning and development surveyor,76875,81
Scott Holmes,New Jennifer,Private music teacher,40866,86
Joshua Thornton,Lisahaven,"Designer, multimedia",67715,7
Douglas Mckenzie,New Masonburgh,Professor Emeritus,86512,69
Charles Foster,West Mikayla,Research scientist (physical sciences),67663,75
Joshua Hobbs II,Richardsonbury,Higher education lecturer,47881,10
Patty Smith,Lefurt,Public relations officer,95172,93
Whitney Ryan,East Angela,"Pharmacist, community",53950,28
Billy Mcintosh,Hollyfurt,"Scientist, research (medical)",81088,89
Caleb Aguirre,Robinsonhaven,Operational researcher,90877,75
Dr. Patricia Sawyer,Browntown,"Scientist, research (maths)",52138,69
Elizabeth Campbell,New Jennafort,"Scientist, research (life sciences)",50725,92
Joshua Higgins,West Joshuaburgh,Rural practice surveyor,72998,1
Douglas Gray,Mckenziefort,Naval architect,10424,90
Laura Wright,East Donnaberg,"Teacher, adult education",82857,66
Caroline Stewart,North Josephburgh,"Librarian, academic",29590,80
Tyler Lara,North Erin,"Editor, film/video",80727,65
Rickey Blevins DDS,Grahamhaven,Sport and exercise psychologist,72074,34
Heidi Henderson,Jonestown,"Geneticist, molecular",15762,7
Sandra Mckinney,West Michael,Medical physicist,41600,56
Laura Strong,North Nancyborough,"Solicitor, Scotland",61082,34
Brent Becker,Johnport,"Scientist, biomedical",46947,14
Lisa Smith,Williamsfort,Archaeologist,61273,97
Pamela Golden,Christopherburgh,"Psychotherapist, dance movement",34728,55
Mark Ayers,North Lorihaven,Aid worker,28666,72
Ryan Rivers,Scottland,Industrial/product designer,76256,13
Diana Price,Briannaborough,"Engineer, petroleum",33038,18
Jeffrey Chaney,Patelburgh,Landscape architect,65531,8
Derek Wilson,Jacquelineport,Public librarian,27315,68
Tracey Harris,New Christinestad,Art gallery manager,48265,89
Ashley Brown,South Veronicaton,Museum education officer,44617,5
Steven Hensley,Marytown,"Copywriter, advertising",91199,83
Jessica Daniels,Rileyshire,"Designer, furniture",73213,57
Mariah Hunt,Michaelview,Armed forces logistics/support/administrative officer,59360,98
Christopher Smith,Deborahshire,Estate manager/land agent,45817,82
Brooke Howard,Campbellbury,Recycling officer,26746,39
Jerry Kent,North Martinside,"Surveyor, rural practice",96788,66
Laura Williams,New James,Tourist information centre manager,51720,15
Brianna Leonard,Davisfurt,Financial planner,63044,18
Martha Woods,West Vanessahaven,Heritage manager,79684,17
Cody Ponce,Lake Timothyhaven,Forensic scientist,74309,6
Ms. Lauren Bell,Fosterfort,"Engineer, structural",92982,84
Shawn Ramsey,Johnsonborough,Mechanical engineer,85012,53
Bill Patel,Donovanton,"Exhibitions officer, museum/gallery",51696,81
Laurie Lowe,New Michele,"Conservator, furniture",20680,83
Katherine Heath,Christineberg,Bookseller,69466,82
Paul Harris,South Henryview,Freight forwarder,58855,29
Cathy Williams,Brownside,Ophthalmologist,45589,48
Martin Warner,Frederickborough,Chief Strategy Officer,25448,10
Crystal Sellers,New Johnhaven,Geographical information systems officer,16521,64
Jeffrey Cross,East Sabrinaville,Facilities manager,22289,52
Jessica Silva,Davidview,Herbalist,81400,49
Lorraine Murphy,Lake Jenniferfort,Claims inspector/assessor,71976,99
Brian Henderson,Jonathanhaven,"Designer, exhibition/display",69052,100
Mark Watson,Lake Scott,Database administrator,97398,13
Stephen Yates,North Gregoryfurt,Theatre director,21411,5
Gregory Dickerson,Port Rebecca,"Scientist, clinical (histocompatibility and immunogenetics)",56123,13
Melinda Roberson,Amandafort,"Therapist, occupational",68390,33
Christine Lewis,Edwardville,Teaching laboratory technician,49556,72
Seth Schmidt,Leeland,"Administrator, sports",59866,19
Catherine Bowen,East Douglas,"Psychologist, clinical",37892,97
Allison Glass,Kimberlytown,Insurance account manager,36473,78
Julie Parker,Mckinneyville,"Geologist, engineering",98765,42
Brandi Moore,Patriciaton,"Librarian, public",81733,15
Nicholas Murphy,Emilymouth,Art gallery manager,37418,74
Shawn Hunt,Lake Kylie,Manufacturing engineer,78168,15
Xavier Mcfarland,Dunnton,Educational psychologist,91497,37
Joshua Rodriguez,West Pennymouth,Lawyer,45756,72
Anthony Perez,Patrickfort,Press photographer,15459,85
Brian Sims,Ianmouth,Investment analyst,96948,100
Christopher Weaver,East Christina,Paramedic,73214,36
Daniel Cunningham,Port Thomas,Best boy,43050,59
Kristy Hudson,Loweryhaven,Tourism officer,31478,61
Nicholas Owens,Brianville,Acupuncturist,35187,12
Richard Cook,Willietown,"Production designer, theatre/television/film",72155,4
Gary Jackson,Harrellmouth,"Engineer, maintenance (IT)",73837,90
John Chandler,West Jonathan,Toxicologist,72589,22
Samuel Martinez,Murphyland,Insurance broker,36603,6
Kimberly Marshall,West Christina,Intelligence analyst,31752,9
Melinda Jackson,Williamsport,Microbiologist,56998,17
Jessica Warner,Schwartzstad,Fine artist,75778,98
Michael Lester,Kellyfort,"Scientist, water quality",38304,26
Diana Owens,Lake Jacobberg,Product/process development scientist,40897,11
William Lopez,South Georgeberg,Recycling officer,22873,88
Stephanie Mcclure,Justinburgh,"Education officer, environmental",36246,96
Matthew Williams,North Johnbury,Arboriculturist,88106,75
Julie Clayton,Andrewmouth,"Engineer, production",40598,24
Darren Daniel,East Judy,Lobbyist,92976,65
Tiffany Tapia,North Virginiafurt,Manufacturing systems engineer,93386,48
Ryan Peck,Jonathanville,Sports administrator,55763,68
Jonathan Arnold,Ericastad,Scientific laboratory technician,31133,65
Laura Mckee,Paulmouth,Charity officer,24879,75
Jessica Ibarra,West Michelle,Museum/gallery curator,48273,88
Richard Cherry,Davenportstad,"Geologist, wellsite",51826,1
Jordan Parker,Mitchellfort,Press sub,13314,63
Brian Nixon,North Danielleport,Proofreader,32812,58
Alexis Mcpherson,New Tiffany,Careers adviser,95927,48
Jacqueline Buckley,South Kristenview,Ecologist,86077,21
Emily Taylor,Matthewtown,Chief Financial Officer,66646,33
Tricia Lawrence,North Nicholasside,Warden/ranger,56317,78
Denise Ruiz,Lewismouth,TEFL teacher,49194,95
Ethan Potter,Anthonyborough,Agricultural consultant,23685,15
Dustin Combs,South Ryan,Neurosurgeon,14786,71
Sophia Garza,North Melanieton,"Psychologist, educational",79610,95
Daniel Lawrence,North Heatherview,Charity officer,50743,37
Paul Hill,Port Nathanielborough,Clinical biochemist,18729,24
Anne Knight,New Kimberly,"Presenter, broadcasting",44002,68
Eric Daniels,East Mariaside,Public house manager,88850,78
Joseph Walker,East Chris,Proofreader,24459,65
Austin Nelson,Carrollstad,Curator,61471,88
Timothy Brown,Bethanyland,Field trials officer,78890,25
Keith Smith,Alberttown,"Physicist, medical",23845,100
Mr. Jeffrey Johnson,Torresfort,Camera operator,74531,92
Diana Tucker,Gabrielleburgh,Operational researcher,93835,94
Catherine Hendricks,South Matthew,"Production assistant, radio",20386,49
Carlos Norman,South Rachel,Printmaker,95318,86
Sean Scott Jr.,South Rebeccabury,Television/film/video producer,94987,70
Matthew Sanchez,West Janet,Ergonomist,54616,80
John Taylor,Melissaside,"Designer, exhibition/display",20011,59
Andrew Howard,Catherineville,"Administrator, education",98447,44
Gregory Lopez,North Joyce,Oceanographer,28646,16
Megan Gaines,Larsenside,"Designer, fashion/clothing",42499,87
Justin Booker,Walkerbury,Lobbyist,33516,73
Timothy Collins PhD,North Michelleland,"Scientist, research (life sciences)",95608,7
Kristen Rodriguez,New Robert,Health physicist,75511,7
William Smith,South Karenland,"Scientist, research (maths)",35277,44
Kara Martinez,Teresahaven,IT consultant,70197,96
Anthony Booth,West Jasmine,"Journalist, broadcasting",59673,87
Alexis Smith,Lake Robertmouth,Air cabin crew,37156,95
Zoe Lewis,Denniston,Equities trader,78692,39
Thomas Wood MD,Brandyview,Site engineer,54483,26
Brandon Kim,Port Martinbury,Recruitment consultant,20933,44
Brian Avila,Melindaburgh,Communications engineer,88993,53
Tracey Sullivan,North Adam,Advertising account executive,24849,50
Amanda Fox,Mezafort,Professor Emeritus,95350,12
Howard Hunt,New Lisa,Careers information officer,16607,100
Amanda Bishop,South Daleton,Geographical information systems officer,64301,93
Veronica Garrison,Collinston,"Education officer, community",51822,89
Michele Haynes,Harrisville,"Pilot, airline",63078,81
Christine Braun,South Dakota,"Education officer, museum",55823,17
Tamara Thomas,East Jason,Health promotion specialist,11520,99
Jenny Johnson,Boydborough,Agricultural engineer,51666,41
Benjamin Alvarado,Teresaland,"Engineer, water",97243,4
